Country,Region,Year,Infant_deaths,Under_five_deaths,Adult_mortality,Alcohol_consumption,Hepatitis_B,Measles,BMI,Polio,Diphtheria,Incidents_HIV,GDP_per_capita,Population_mln,Thinness_ten_nineteen_years,Thinness_five_nine_years,Schooling,Economy_status_Developed,Economy_status_Developing,Life_expectancy
Comoros,East Africa,2007,66.8,91.9,255.8815,0.15,75,64,23.5,75,75,0.02,1166,0.64,7.3,7.2,3.5,0,1,60.7
Gabon,Central Africa,2012,39.1,57.1,256.88,7.47,82,64,24.9,80,82,1.57,7181,1.75,6.3,6.2,7.8,0,1,62.9
Ghana,West Africa,2011,45.2,65.9,257.0865,1.67,91,58,23.7,91,91,0.93,1580,25.39,6.9,6.8,6.8,0,1,61.4
"Congo, Rep.",Central Africa,2003,64.6,100.2,406.702,0.9,71,64,22.3,50,50,2.23,2072,3.41,9.1,8.8,5.7,0,1,53.8
Madagascar,Southern Africa,2011,45.8,67.0,237.6755,0.89,73,64,21.1,73,73,0.15,464,21.74,7.5,7.4,6.1,0,1,63.8
Cameroon,Central Africa,2015,57.0,88.0,340.1265,4.55,84,64,24.3,77,84,1.12,1383,23.3,5.6,5.5,6.1,0,1,57.6
Zimbabwe,Southern Africa,2009,54.0,91.3,551.9115,2.77,73,64,23.6,69,73,7.31,941,12.53,7.5,7.4,7.2,0,1,48.4
South Africa,Southern Africa,2006,48.7,79.2,515.718,7.3,83,53,26.6,79,82,11.13,5827,48.49,1.6,12.8,9.0,0,1,53.8
Eritrea,East Africa,2012,36.8,51.2,274.029,1.03,94,88,20.6,94,94,0.18,699,3.28,8.7,8.6,3.9,0,1,63.2
Seychelles,East Africa,2011,12.2,14.2,154.4505,7.83,99,99,26.3,99,99,3.5,13664,0.09,5.7,6.1,8.4,0,1,72.7
Madagascar,Southern Africa,2012,44.6,64.8,232.446,0.85,68,64,21.1,71,70,0.18,465,22.35,7.4,7.3,6.1,0,1,64.3
Togo,West Africa,2008,61.4,94.4,318.7475,1.44,82,64,22.9,80,81,1.45,456,6.08,7.7,7.6,4.3,0,1,56.2
"Gambia, The",West Africa,2015,39.7,59.8,261.7065,2.69,97,64,23.9,96,97,0.96,661,2.09,7.3,7.2,3.4,0,1,60.9
Central African Republic,Central Africa,2011,96.7,140.5,463.613,1.97,47,64,22.5,47,47,1.78,550,4.42,8.8,8.8,3.7,0,1,48.0
Algeria,North Africa,2015,21.6,25.2,95.8155,0.55,95,99,25.5,95,95,0.05,4178,39.73,6.0,5.8,7.9,0,1,76.1
Zimbabwe,Southern Africa,2004,51.2,92.4,686.639,2.48,68,64,23.4,67,65,9.75,1212,12.02,9.4,9.4,6.8,0,1,43.1
Kenya,East Africa,2007,43.7,68.0,345.5865,1.2,81,28,22.6,76,81,2.73,1287,38.71,8.4,8.3,6.0,0,1,57.5
Kenya,East Africa,2011,38.5,55.5,260.375,1.47,96,28,22.9,97,96,1.8,1357,43.18,8.1,7.9,6.2,0,1,61.9
Mauritania,West Africa,2002,68.6,111.5,227.5,0.012,61,64,23.9,91,89,0.45,1234,2.78,1.5,1.3,3.1,0,1,60.9
Somalia,East Africa,2008,101.1,166.5,331.401,0.0,42,64,22.7,40,31,0.13,265,11.4,7.2,7.0,2.1,0,1,53.3
Ghana,West Africa,2009,48.8,72.3,261.2595,1.26,94,55,23.5,94,94,1.06,1348,24.17,7.3,7.2,6.7,0,1,60.6
Somalia,East Africa,2006,104.0,172.0,337.337,0.0001,42,64,22.5,26,26,0.13,237,10.76,7.4,7.2,2.1,0,1,52.7
Guinea-Bissau,West Africa,2010,72.6,114.5,287.62,3.06,83,64,23.0,82,83,2.41,586,1.52,8.0,7.9,2.6,0,1,54.6
"Congo, Dem. Rep.",Central Africa,2000,106.5,159.3,344.252,2.05,69,64,20.7,42,40,1.07,351,47.11,12.4,12.3,3.3,0,1,50.0
Namibia,Southern Africa,2010,36.8,49.1,412.4735,1.4,83,64,23.8,83,83,5.85,4147,2.12,1.4,1.4,6.2,0,1,56.7
Mauritania,West Africa,2004,67.8,109.7,223.7,0.014,61,64,24.1,68,70,0.4,1307,2.94,1.0,9.8,3.3,0,1,61.2
Eswatini,Southern Africa,2007,59.3,103.8,579.801,6.34,92,99,26.1,88,87,18.67,3175,1.04,6.5,6.7,5.3,0,1,43.3
Nigeria,West Africa,2011,83.0,133.1,372.383,4.99,46,64,23.0,48,48,0.73,2464,162.81,11.0,1.9,5.5,0,1,51.3
Burundi,East Africa,2005,78.4,124.9,346.6695,6.07,87,57,21.0,82,87,0.83,296,7.36,8.2,8.3,2.3,0,1,53.4
"Gambia, The",West Africa,2009,47.1,76.8,277.4475,3.05,97,64,23.3,97,98,1.29,733,1.74,8.4,8.3,2.7,0,1,59.3
Madagascar,Southern Africa,2015,41.3,59.0,218.4575,0.86,69,64,21.3,68,69,0.24,467,24.23,7.1,7.1,6.1,0,1,65.5
Morocco,North Africa,2002,40.6,48.0,140.5375,0.46,92,92,24.8,94,94,0.06,1905,29.45,6.6,6.5,3.6,0,1,69.8
"Congo, Rep.",Central Africa,2001,70.7,111.1,420.18,0.9,71,64,22.1,32,31,2.41,2080,3.22,9.4,9.0,5.6,0,1,52.5
Gabon,Central Africa,2001,52.3,81.4,321.9725,9.27,70,64,23.8,44,45,3.6,7867,1.26,7.8,7.7,6.3,0,1,58.0
Zambia,Southern Africa,2014,46.0,68.3,309.5495,4.22,86,33,22.4,78,86,4.77,1341,15.4,6.3,6.2,6.9,0,1,60.8
Eswatini,Southern Africa,2015,45.2,57.2,434.821,7.49,90,83,26.8,84,90,14.3,3680,1.1,4.0,4.1,6.5,0,1,55.4
Togo,West Africa,2000,75.7,119.9,331.9545,1.08,81,64,22.0,63,64,2.97,506,4.92,9.4,9.3,4.0,0,1,53.5
"Egypt, Arab Rep.",North Africa,2001,35.2,43.9,174.899,0.13,99,64,27.8,99,99,0.13,2652,70.15,3.5,3.4,4.9,0,1,68.8
Comoros,East Africa,2001,72.1,100.2,270.665,0.1,71,64,22.9,70,70,0.02,1188,0.56,7.8,7.8,3.0,0,1,59.5
Botswana,Southern Africa,2004,42.1,72.7,528.2495,4.91,91,83,23.9,96,96,13.43,4860,1.77,1.5,1.4,8.1,0,1,51.2
Malawi,Southern Africa,2000,100.5,174.6,570.551,1.36,79,64,21.7,73,75,9.54,294,11.15,8.0,7.9,3.0,0,1,45.1
"Egypt, Arab Rep.",North Africa,2004,30.6,37.5,171.3545,0.14,97,64,28.1,97,97,0.13,2759,74.17,3.3,3.2,5.4,0,1,69.3
Central African Republic,Central Africa,2002,108.5,165.8,551.1775,1.6,45,64,21.7,42,44,3.64,477,3.8,1.2,1.2,3.0,0,1,44.1
Botswana,Southern Africa,2015,39.6,49.7,248.595,6.14,95,80,24.3,96,95,5.81,6403,2.12,6.4,6.1,9.2,0,1,67.3
Chad,Central Africa,2005,92.4,166.9,404.29,0.46,27,64,21.3,37,25,0.96,676,10.1,1.5,1.4,1.5,0,1,48.5
Malawi,Southern Africa,2002,84.6,145.5,591.4675,1.25,64,64,21.9,79,64,8.06,271,11.71,7.7,7.6,3.2,0,1,45.5
Sierra Leone,West Africa,2012,100.7,147.3,410.143,3.19,91,60,22.6,91,91,0.94,627,6.71,7.9,7.8,3.2,0,1,51.0
Mali,West Africa,2005,88.1,156.4,302.4025,0.55,83,64,22.1,78,77,0.76,688,12.78,9.9,9.7,1.7,0,1,52.1
Angola,Southern Africa,2002,114.5,191.5,350.8275,2.08,67,64,21.9,22,41,1.39,2031,17.52,1.5,1.5,4.4,0,1,47.7
Zambia,Southern Africa,2005,61.9,106.2,521.085,2.41,82,39,21.8,84,82,7.69,918,11.86,7.1,7.0,6.3,0,1,48.5
Zimbabwe,Southern Africa,2000,51.9,95.5,687.993,1.89,79,64,23.3,78,78,12.86,1697,11.88,11.0,11.2,6.5,0,1,44.6
Chad,Central Africa,2004,93.9,170.4,407.207,0.42,27,64,21.2,31,21,1.04,598,9.73,1.7,1.6,1.4,0,1,48.3
Tanzania,East Africa,2014,41.9,59.9,255.4665,7.43,97,64,23.1,97,97,2.12,920,49.96,6.8,6.6,5.6,0,1,62.3
Djibouti,East Africa,2011,60.9,74.4,265.328,0.39,87,82,23.9,87,87,0.39,1452,0.85,5.6,5.5,4.0,0,1,60.7
"Congo, Dem. Rep.",Central Africa,2015,73.0,95.9,260.0235,4.47,81,64,21.9,78,81,0.35,497,76.24,9.5,9.3,6.4,0,1,59.3
Cote d'Ivoire,West Africa,2004,87.5,129.5,453.5475,0.85,67,64,23.0,76,67,2.65,1583,17.97,7.3,7.3,3.6,0,1,49.8
Nigeria,West Africa,2001,106.8,177.3,408.9835,11.17,29,64,22.4,36,27,1.29,1499,125.39,14.1,14.1,5.2,0,1,46.5
Djibouti,East Africa,2001,78.2,98.6,321.3015,1.33,88,82,23.6,49,53,2.19,781,0.73,6.3,6.1,3.3,0,1,57.1
Namibia,Southern Africa,2004,42.7,74.4,496.836,1.89,83,64,23.3,81,81,9.29,3647,1.91,13.7,13.7,5.9,0,1,50.6
Cabo Verde,West Africa,2001,28.4,34.4,149.3995,3.86,66,96,23.4,91,90,0.39,1983,0.44,9.4,9.3,3.7,0,1,69.1
Uganda,East Africa,2003,74.7,123.5,485.3535,11.37,44,64,21.4,57,59,4.15,573,25.98,6.7,6.7,4.3,0,1,49.4
Cabo Verde,West Africa,2000,31.1,38.1,157.104,3.49,66,96,23.3,90,90,0.39,1974,0.43,9.6,9.5,3.5,0,1,68.6
Senegal,West Africa,2005,53.2,91.8,237.7735,0.34,84,33,22.5,84,84,0.49,1134,11.09,11.4,11.3,2.4,0,1,60.6
Cameroon,Central Africa,2007,74.6,121.0,371.415,5.22,82,64,23.8,81,82,2.43,1249,18.73,6.6,6.6,5.2,0,1,53.7
Angola,Southern Africa,2015,57.7,88.1,242.9655,6.53,64,64,23.2,62,64,0.89,3128,27.88,8.3,8.2,5.0,0,1,59.4
Senegal,West Africa,2006,50.6,85.2,233.387,0.37,89,33,22.5,89,89,0.42,1130,11.38,11.2,11.1,2.4,0,1,61.4
Niger,West Africa,2009,64.8,130.3,270.291,0.1,71,64,21.5,71,71,0.12,424,15.84,11.0,1.8,1.4,0,1,56.6
Tunisia,North Africa,2010,15.8,18.4,98.3545,1.26,98,98,25.9,98,98,0.04,3955,10.64,6.3,6.3,6.7,0,1,75.0
Chad,Central Africa,2002,96.8,177.1,413.041,0.4,27,64,21.1,31,25,1.21,421,9.02,11.1,11.0,1.4,0,1,47.9
Libya,North Africa,2011,14.9,19.4,136.8525,0.01,98,97,27.7,98,98,0.09,6670,6.25,5.6,5.4,7.3,0,1,72.0
Madagascar,Southern Africa,2006,53.9,81.3,261.1205,0.59,82,64,20.9,83,85,0.08,482,18.88,8.0,7.9,5.7,0,1,61.7
Zimbabwe,Southern Africa,2011,50.8,80.8,466.265,3.91,94,64,23.7,93,93,6.05,1249,12.89,6.8,6.7,7.3,0,1,52.9
Senegal,West Africa,2013,37.6,55.4,197.0095,0.19,92,33,22.9,89,92,0.12,1141,13.78,9.9,9.7,2.8,0,1,65.9
Liberia,West Africa,2000,127.9,189.7,316.589,4.47,58,64,23.0,56,46,3.5,776,2.85,9.2,9.2,3.5,0,1,51.7
Ethiopia,East Africa,2012,49.5,73.5,239.3415,0.54,69,64,20.4,70,69,0.28,518,92.73,1.7,1.5,2.4,0,1,63.3
Benin,West Africa,2008,72.2,113.7,259.34,1.38,75,83,22.9,77,75,0.65,1001,8.7,8.1,8.0,2.8,0,1,58.7
"Congo, Dem. Rep.",Central Africa,2005,95.2,136.1,311.914,2.28,69,64,21.1,60,60,0.78,364,54.79,11.5,11.3,4.3,0,1,53.7
Seychelles,East Africa,2002,11.8,13.7,175.73,8.13,99,99,25.6,99,99,3.5,10714,0.08,6.1,6.6,7.6,0,1,71.1
Comoros,East Africa,2003,71.7,99.6,267.1495,0.26,71,64,23.1,80,80,0.02,1183,0.58,7.6,7.6,3.0,0,1,59.7
Mauritania,West Africa,2001,68.9,112.1,228.7,0.012,61,64,23.8,75,75,0.47,1252,2.7,1.7,1.5,3.0,0,1,60.8
Tanzania,East Africa,2008,51.0,79.6,345.9945,4.96,86,64,22.7,89,86,2.76,765,41.85,7.3,7.3,5.0,0,1,56.8
"Congo, Rep.",Central Africa,2004,60.7,93.3,390.9155,0.9,71,64,22.4,67,67,2.14,2080,3.51,9.0,8.6,5.8,0,1,54.7
Seychelles,East Africa,2006,11.9,13.8,162.877,6.43,99,99,25.9,99,99,3.5,11562,0.08,5.9,6.3,7.8,0,1,72.2
Rwanda,East Africa,2007,54.4,84.4,285.3095,7.84,97,87,21.5,98,97,1.44,512,9.27,6.8,6.7,3.1,0,1,58.9
Guinea-Bissau,West Africa,2003,95.9,156.8,302.471,3.07,83,64,22.4,65,60,3.09,550,1.28,9.6,9.5,2.3,0,1,51.5
Chad,Central Africa,2015,75.7,128.7,363.167,0.66,46,64,21.9,52,46,0.42,776,14.11,8.5,8.4,2.3,0,1,53.1
Gabon,Central Africa,2011,40.4,59.3,266.645,8.01,75,64,24.8,75,75,1.73,7086,1.68,6.4,6.3,7.7,0,1,62.2
Somalia,East Africa,2000,104.4,172.7,355.929,0.0,42,64,22.1,37,33,0.13,174,8.87,8.0,7.9,2.1,0,1,50.9
"Gambia, The",West Africa,2006,51.5,87.6,285.0805,3.25,95,64,22.9,94,95,1.39,686,1.59,9.0,8.9,2.5,0,1,58.3
Niger,West Africa,2012,57.0,108.2,261.2055,0.15,71,64,21.6,71,71,0.07,464,17.8,1.3,1.1,1.6,0,1,58.8
Equatorial Guinea,Central Africa,2003,99.0,142.8,332.349,7.87,46,64,22.9,47,37,3.69,8745,0.69,1.2,1.1,5.4,0,1,54.1
Zambia,Southern Africa,2001,85.3,146.9,598.586,2.8,81,39,21.6,86,85,9.38,794,10.69,7.4,7.4,6.0,0,1,44.6
Eritrea,East Africa,2005,46.1,67.5,336.291,1.18,96,88,20.4,96,96,0.38,762,2.83,9.4,9.5,3.7,0,1,58.7
Guinea-Bissau,West Africa,2015,60.0,92.1,270.2885,3.13,87,64,23.4,83,87,1.58,603,1.74,7.1,7.0,2.9,0,1,57.0
Mali,West Africa,2013,70.6,116.6,277.2635,0.58,69,64,22.8,57,69,0.44,701,16.45,8.1,7.9,2.2,0,1,56.6
Guinea-Bissau,West Africa,2005,89.2,144.5,299.375,3.69,83,64,22.6,73,68,3.02,562,1.34,9.2,9.0,2.3,0,1,52.3
Malawi,Southern Africa,2005,65.0,110.5,528.961,1.45,93,64,22.1,94,93,6.42,289,12.63,7.4,7.2,3.4,0,1,47.8
Zambia,Southern Africa,2011,50.1,76.8,352.9365,2.79,81,38,22.2,83,81,5.5,1244,14.02,6.6,6.4,6.7,0,1,57.1
Equatorial Guinea,Central Africa,2011,76.7,107.4,327.4155,9.38,46,64,23.6,60,41,4.58,14099,0.99,8.9,8.8,5.5,0,1,55.9
"Congo, Dem. Rep.",Central Africa,2012,79.1,106.1,272.347,4.4,75,64,21.7,76,75,0.46,433,69.02,1.0,9.8,5.8,0,1,57.9
Libya,North Africa,2005,19.8,23.1,135.266,0.005,97,95,27.2,98,98,0.08,12760,5.8,5.5,5.4,6.4,0,1,71.9
Sierra Leone,West Africa,2006,120.9,188.9,459.6215,3.68,75,60,22.4,65,64,1.36,476,5.83,9.1,9.1,2.8,0,1,45.5
"Congo, Rep.",Central Africa,2005,56.8,86.4,375.1285,0.86,71,64,22.5,62,62,2.19,2172,3.62,8.8,8.5,5.8,0,1,55.6
Mozambique,Southern Africa,2007,78.0,118.8,402.122,0.69,75,64,22.1,75,75,3.5,429,21.67,3.8,3.7,3.0,0,1,50.9
Central African Republic,Central Africa,2001,109.2,167.4,541.331,1.67,45,64,21.6,40,40,3.88,470,3.72,1.4,1.4,2.9,0,1,44.1
Ethiopia,East Africa,2010,54.3,82.0,266.317,0.4,62,64,20.3,69,61,0.36,453,87.64,11.0,1.7,2.3,0,1,61.6
Niger,West Africa,2001,93.7,215.2,290.6955,0.093,72,64,20.9,42,36,0.44,413,11.75,12.7,12.7,1.1,0,1,50.6
Morocco,North Africa,2010,26.8,31.2,82.9485,0.47,98,73,25.4,99,99,0.05,2534,32.34,6.3,6.2,4.2,0,1,74.4
Benin,West Africa,2007,73.6,116.2,261.384,1.23,82,83,22.8,82,82,0.73,981,8.45,8.3,8.2,2.8,0,1,58.3
Mali,West Africa,2000,101.5,187.4,328.1605,0.58,78,64,21.5,53,43,1.07,572,10.95,11.0,1.9,1.2,0,1,48.1
Namibia,Southern Africa,2013,35.8,49.1,341.1665,2.45,89,64,24.0,89,89,4.91,4588,2.23,9.0,8.9,6.6,0,1,60.5
Djibouti,East Africa,2009,64.2,78.8,279.1605,0.47,89,82,23.8,89,89,0.48,1267,0.83,5.7,5.6,3.9,0,1,59.6
Seychelles,East Africa,2013,12.5,14.5,152.634,8.32,99,97,26.5,98,98,3.5,14260,0.09,5.7,6.1,9.1,0,1,73.1
Uganda,East Africa,2012,44.3,66.7,326.2865,8.79,78,64,22.1,79,78,2.62,818,34.56,5.8,5.8,5.3,0,1,59.0
Eswatini,Southern Africa,2009,57.9,96.0,531.8035,5.65,88,99,26.3,89,88,17.36,3206,1.06,5.8,5.9,5.6,0,1,45.3
Nigeria,West Africa,2003,100.8,165.9,406.792,11.33,29,64,22.5,42,29,1.15,1764,131.9,13.5,13.6,5.2,0,1,47.2
Mauritania,West Africa,2005,67.0,108.1,221.8,0.014,42,64,24.2,71,71,0.37,1379,3.02,9.8,9.6,3.4,0,1,61.3
Equatorial Guinea,Central Africa,2012,74.3,103.6,325.0465,9.79,46,64,23.7,58,24,4.63,14614,1.03,8.7,8.7,5.5,0,1,56.3
Namibia,Southern Africa,2002,43.6,74.7,494.617,1.99,83,64,23.1,78,77,10.31,3211,1.85,14.7,14.8,5.8,0,1,50.9
Equatorial Guinea,Central Africa,2006,90.3,129.0,335.756,8.7,46,64,23.2,53,40,4.02,13283,0.78,9.7,9.6,5.4,0,1,54.6
Gabon,Central Africa,2006,46.6,71.6,310.2645,7.77,52,64,24.4,44,45,2.5,7092,1.43,7.1,6.9,7.0,0,1,58.6
Lesotho,Southern Africa,2004,73.0,114.5,617.2135,1.78,60,56,24.3,89,90,16.29,804,2.01,9.7,9.7,5.2,0,1,43.1
Uganda,East Africa,2001,83.4,139.3,522.318,11.8,54,64,21.2,56,55,4.48,527,24.39,6.9,6.9,4.0,0,1,47.2
Libya,North Africa,2014,11.8,13.8,135.968,0.01,94,92,27.9,94,94,0.08,7723,6.36,5.7,5.5,7.3,0,1,72.0
Guinea,West Africa,2015,68.4,107.3,262.871,0.38,54,64,22.9,47,54,0.74,769,11.43,7.3,7.3,2.6,0,1,59.6
Central African Republic,Central Africa,2006,104.8,158.3,514.5715,1.7,45,64,22.1,47,51,2.69,467,4.12,9.6,9.6,3.3,0,1,45.2
Equatorial Guinea,Central Africa,2004,96.1,138.2,333.4845,8.11,46,64,23.0,49,38,3.86,11559,0.72,1.0,1.0,5.4,0,1,54.3
"Congo, Rep.",Central Africa,2009,44.7,65.0,319.8945,1.3,75,64,22.7,76,78,2.09,2272,4.15,8.3,7.9,6.0,0,1,59.3
Cameroon,Central Africa,2005,78.1,127.5,386.9125,4.9,79,64,23.6,79,80,2.76,1218,17.73,6.9,7.0,5.1,0,1,52.8
"Congo, Dem. Rep.",Central Africa,2008,88.1,122.3,292.737,3.23,65,64,21.4,64,65,0.62,392,60.41,1.8,1.7,5.0,0,1,55.7
Mozambique,Southern Africa,2014,63.0,88.4,344.63,1.08,79,64,22.6,88,79,3.5,569,26.29,3.6,3.5,3.4,0,1,56.1
"Congo, Dem. Rep.",Central Africa,2013,77.0,102.5,268.2395,4.43,74,64,21.8,74,74,0.42,454,71.36,9.9,9.6,6.0,0,1,58.4
Djibouti,East Africa,2000,79.9,101.0,319.372,1.24,88,82,23.5,46,46,2.96,768,0.72,6.4,6.1,3.2,0,1,57.0
Benin,West Africa,2013,65.7,102.1,248.4295,1.43,77,83,23.3,73,77,0.4,1052,10.0,7.2,7.1,3.2,0,1,60.1
Mauritania,West Africa,2000,69.1,112.5,229.9,0.03,61,64,23.7,58,51,0.48,1296,2.63,1.9,1.7,3.0,0,1,60.7
Cameroon,Central Africa,2006,76.2,124.2,379.164,5.1,81,64,23.7,78,81,2.57,1230,18.22,6.7,6.8,5.2,0,1,53.2
Cabo Verde,West Africa,2003,24.8,29.8,140.524,4.21,66,96,23.6,93,92,0.39,2106,0.45,8.9,8.9,4.0,0,1,69.9
Botswana,Southern Africa,2006,38.1,61.5,468.51,7.14,93,83,24.0,96,96,10.53,5295,1.84,9.6,9.4,8.4,0,1,53.4
Mauritius,Southern Africa,2010,12.5,14.5,151.4165,3.15,99,90,25.0,99,99,1.01,7818,1.25,7.2,7.2,8.2,0,1,73.0
Benin,West Africa,2015,63.2,97.6,242.9535,1.53,82,83,23.5,72,82,0.33,1077,10.58,6.9,6.8,3.5,0,1,60.6
"Gambia, The",West Africa,2014,40.9,62.4,264.471,2.68,96,64,23.8,97,96,1.04,654,2.02,7.5,7.3,3.3,0,1,60.7
Algeria,North Africa,2009,24.4,28.4,106.1,0.43,94,98,25.0,94,95,0.02,3851,35.33,6.0,5.9,6.9,0,1,74.6
Burundi,East Africa,2014,48.2,71.3,298.257,3.95,95,60,21.6,95,95,0.31,328,9.84,7.4,7.3,2.8,0,1,59.7
Central African Republic,Central Africa,2008,102.5,152.8,494.9685,1.73,45,64,22.2,46,45,2.28,480,4.27,9.3,9.2,3.4,0,1,46.2
Togo,West Africa,2013,53.7,80.9,278.601,1.21,84,64,23.3,84,84,0.79,537,6.95,6.8,6.6,4.5,0,1,59.2
Mauritania,West Africa,2014,56.2,85.1,205.0555,0.0,84,64,24.8,81,84,0.14,1489,3.93,8.0,7.7,4.3,0,1,63.7
Rwanda,East Africa,2011,40.6,58.6,233.744,6.66,97,87,21.7,93,97,0.86,631,10.29,6.3,6.2,3.8,0,1,64.5
Mauritius,Southern Africa,2003,13.8,16.0,164.979,4.02,97,81,24.7,99,99,1.16,6022,1.21,7.9,7.8,6.8,0,1,72.1
Djibouti,East Africa,2005,71.2,88.7,305.088,1.22,88,82,23.7,71,71,0.67,905,0.78,5.9,5.8,3.7,0,1,58.0
Equatorial Guinea,Central Africa,2001,104.4,151.4,332.218,6.79,46,64,22.7,43,35,3.44,6983,0.63,1.6,1.4,5.4,0,1,53.6
"Gambia, The",West Africa,2001,59.8,108.7,298.2375,3.28,91,64,22.1,85,87,1.71,747,1.36,1.0,1.0,2.1,0,1,56.4
Burundi,East Africa,2012,53.4,80.3,306.3965,4.33,96,59,21.4,96,96,0.4,319,9.25,7.5,7.5,2.7,0,1,58.6
Angola,Southern Africa,2007,90.6,147.0,297.0245,4.68,73,64,22.5,43,73,1.45,2845,20.91,9.6,9.6,4.5,0,1,52.2
Angola,Southern Africa,2006,95.7,156.4,307.785,4.02,67,64,22.4,8,34,1.48,2589,20.15,9.8,9.7,4.5,0,1,51.1
Ghana,West Africa,2005,54.9,83.0,279.54,0.56,84,55,23.2,85,84,1.31,1176,21.81,8.1,8.1,6.4,0,1,58.7
Chad,Central Africa,2014,77.3,132.3,365.883,0.68,37,64,21.8,44,37,0.42,780,13.66,8.7,8.5,2.2,0,1,52.8
Somalia,East Africa,2010,96.2,157.4,326.1265,0.0,42,64,22.8,49,45,0.13,296,12.04,7.0,6.8,2.1,0,1,54.0
Eritrea,East Africa,2015,34.0,46.3,255.781,1.03,95,88,20.7,95,95,0.1,9011,0.35,8.4,8.2,3.9,0,1,64.7
Guinea,West Africa,2007,79.4,126.6,304.0,0.19,57,64,22.4,46,63,1.03,684,9.52,8.9,8.8,1.6,0,1,54.9
Burkina Faso,West Africa,2001,89.3,174.9,325.735,5.53,86,31,21.0,62,62,0.83,456,11.94,11.2,1.8,1.3,0,1,50.9
Cabo Verde,West Africa,2010,22.1,26.3,133.3605,4.93,98,94,24.2,99,99,0.26,3011,0.49,7.4,7.4,5.1,0,1,71.1
Ethiopia,East Africa,2005,69.5,108.9,338.17,0.21,52,64,20.1,56,44,0.65,310,76.35,11.5,11.2,1.9,0,1,56.2
Namibia,Southern Africa,2014,34.0,47.9,328.32,2.59,88,64,24.1,88,88,4.5,4782,2.27,8.6,8.5,6.7,0,1,61.4
Equatorial Guinea,Central Africa,2009,81.7,115.3,332.154,7.2,46,64,23.4,59,43,4.39,15906,0.9,9.2,9.2,5.5,0,1,55.3
Nigeria,West Africa,2002,103.8,171.5,411.5985,11.09,29,64,22.5,40,25,1.21,1685,128.6,13.8,13.8,5.2,0,1,46.8
Senegal,West Africa,2010,42.4,65.7,211.9,0.18,89,33,22.7,76,89,0.19,1150,12.68,1.4,1.3,2.4,0,1,64.3
"Egypt, Arab Rep.",North Africa,2011,23.1,27.5,157.823,0.19,96,64,28.9,96,96,0.13,3473,84.53,2.9,2.9,6.7,0,1,70.5
Angola,Southern Africa,2001,118.2,198.4,361.129,1.94,67,64,21.8,28,38,1.36,1847,16.95,1.7,1.7,4.4,0,1,47.1
Algeria,North Africa,2013,22.1,25.8,98.739,0.5,95,93,25.3,95,95,0.03,4043,38.14,5.9,5.8,7.8,0,1,75.7
Cameroon,Central Africa,2009,71.1,114.3,365.4865,5.72,80,64,23.9,79,80,2.13,1247,19.79,6.3,6.3,5.2,0,1,54.6
Cameroon,Central Africa,2014,59.5,92.4,345.615,4.7,87,64,24.2,84,87,1.24,1344,22.68,5.7,5.7,6.0,0,1,57.1
Lesotho,Southern Africa,2015,72.6,94.6,513.4755,3.07,93,82,24.9,85,93,10.0,1146,2.06,5.5,5.3,6.1,0,1,51.0
Rwanda,East Africa,2004,72.8,118.6,368.1215,7.83,89,87,21.2,89,89,2.27,425,8.68,6.9,7.1,2.7,0,1,53.6
Mozambique,Southern Africa,2010,72.5,104.9,382.0835,0.79,74,64,22.3,73,74,3.5,480,23.53,3.7,3.6,3.2,0,1,52.3
Liberia,West Africa,2006,85.3,121.0,294.2555,4.06,58,64,23.5,66,60,3.5,578,3.33,8.1,8.1,3.8,0,1,56.4
Namibia,Southern Africa,2001,44.2,75.3,470.342,2.29,83,64,23.0,79,78,11.07,3111,1.82,15.2,15.4,5.8,0,1,51.4
Uganda,East Africa,2013,42.4,62.3,321.4315,8.12,78,64,22.2,78,78,2.45,821,35.69,5.7,5.7,5.4,0,1,59.9
Cameroon,Central Africa,2010,68.6,110.1,362.5215,5.88,84,64,24.0,83,84,1.87,1248,20.34,6.1,6.2,5.3,0,1,55.1
Djibouti,East Africa,2002,76.5,96.1,323.2315,1.11,88,82,23.6,62,62,1.78,791,0.75,6.2,6.0,3.4,0,1,57.2
South Africa,Southern Africa,2004,49.4,77.7,501.4985,7.2,76,51,26.5,73,74,11.64,5374,47.29,12.6,15.0,8.8,0,1,53.4
Nigeria,West Africa,2010,84.3,135.5,376.179,5.22,49,64,23.0,54,54,0.75,2404,158.5,11.3,11.2,5.2,0,1,50.9
Central African Republic,Central Africa,2004,106.9,162.5,532.8745,1.6,45,64,21.9,45,51,3.09,459,3.96,9.9,9.9,3.2,0,1,44.4
Djibouti,East Africa,2003,74.7,93.6,317.1835,0.52,88,82,23.6,68,68,1.16,819,0.76,6.1,5.9,3.5,0,1,57.4
Rwanda,East Africa,2001,100.0,167.4,432.824,9.27,91,87,21.0,76,77,2.9,361,8.23,7.4,7.5,2.4,0,1,49.9
Ghana,West Africa,2013,41.8,59.8,251.5445,1.78,90,54,23.8,91,90,0.88,1768,26.61,6.6,6.4,6.9,0,1,62.1
Namibia,Southern Africa,2003,43.3,74.4,495.7265,2.29,83,64,23.2,82,79,9.74,3298,1.88,14.2,14.3,5.8,0,1,50.6
Togo,West Africa,2003,69.9,109.5,333.358,0.89,81,64,22.4,72,72,2.13,522,5.33,8.8,8.7,4.1,0,1,53.9
Uganda,East Africa,2005,65.6,107.1,441.99,11.3,64,64,21.6,59,64,3.78,610,27.68,6.5,6.5,4.4,0,1,51.7
Zimbabwe,Southern Africa,2003,50.4,91.6,703.0,1.96,70,64,23.4,70,68,10.27,1291,11.98,9.8,9.9,6.8,0,1,43.2
Burkina Faso,West Africa,2004,83.3,159.5,311.4595,5.51,86,31,21.3,83,79,0.63,491,13.03,1.5,1.1,1.3,0,1,52.6
Nigeria,West Africa,2005,95.0,155.0,397.18,11.24,18,64,22.7,45,36,1.05,1948,138.87,12.9,12.9,5.2,0,1,48.3
Kenya,East Africa,2009,40.4,59.9,302.9805,1.17,88,28,22.8,89,88,2.21,1261,40.9,8.2,8.1,6.1,0,1,59.9
Lesotho,Southern Africa,2008,77.1,113.0,569.1065,2.91,88,80,24.5,86,88,14.53,962,1.99,8.0,7.8,5.4,0,1,43.4
Burundi,East Africa,2000,94.7,154.5,355.0185,7.17,87,57,20.6,71,80,1.55,307,6.38,9.0,8.9,1.8,0,1,49.1
Malawi,Southern Africa,2015,36.7,53.3,294.858,2.04,88,64,22.8,88,88,2.59,381,16.75,6.4,6.2,4.4,0,1,62.0
Guinea,West Africa,2005,83.9,134.7,318.5825,0.2,57,64,22.2,59,59,1.15,661,9.11,9.3,9.3,1.6,0,1,53.2
Comoros,East Africa,2014,55.8,74.7,229.794,0.13,88,64,24.2,87,87,0.01,1258,0.76,6.8,6.6,4.8,0,1,63.2
Rwanda,East Africa,2013,37.1,52.0,215.093,6.15,98,87,21.9,98,98,0.75,683,10.81,5.9,5.9,3.8,0,1,66.2
Tanzania,East Africa,2001,74.4,121.9,448.1755,6.25,93,64,22.2,65,87,4.25,587,34.39,8.2,8.1,4.3,0,1,51.4
Morocco,North Africa,2001,42.3,50.1,146.7395,0.45,84,91,24.7,93,96,0.06,1870,29.13,6.7,6.5,3.5,0,1,69.2
Tanzania,East Africa,2010,47.1,71.9,316.531,6.95,91,64,22.8,94,91,2.48,808,44.35,7.1,7.1,5.1,0,1,58.6
Rwanda,East Africa,2006,59.3,93.9,312.9135,8.79,99,87,21.4,99,99,1.86,488,9.04,6.8,6.8,2.9,0,1,57.1
"Congo, Rep.",Central Africa,2013,39.7,56.2,277.011,1.9,85,64,23.0,85,85,2.08,2499,4.62,7.7,7.4,6.3,0,1,62.0
Seychelles,East Africa,2015,12.7,14.8,151.6085,8.7,98,98,26.6,97,97,3.5,15158,0.09,5.7,6.0,9.5,0,1,74.3
Senegal,West Africa,2002,62.3,115.1,250.933,0.22,87,33,22.3,60,60,0.64,1061,10.28,12.0,11.9,2.4,0,1,58.7
Guinea-Bissau,West Africa,2011,69.6,109.1,284.733,3.19,86,64,23.1,85,86,2.22,617,1.56,7.8,7.7,2.7,0,1,55.1
Zambia,Southern Africa,2008,54.5,88.7,442.735,2.66,87,39,22.0,90,87,6.29,1068,12.85,6.8,6.7,6.5,0,1,52.6
"Gambia, The",West Africa,2003,56.4,99.8,293.086,3.63,94,64,22.4,87,87,1.55,724,1.45,9.6,9.6,2.2,0,1,57.2
Burundi,East Africa,2015,46.2,67.6,294.187,3.99,94,65,21.6,94,94,0.27,306,10.16,7.3,7.2,2.9,0,1,60.1
Malawi,Southern Africa,2013,42.2,63.4,315.314,2.02,89,64,22.7,89,89,3.32,370,15.84,6.5,6.4,4.4,0,1,59.9
Eritrea,East Africa,2000,56.1,85.2,370.455,0.88,87,88,20.1,82,81,0.7,828,2.29,1.2,1.1,3.7,0,1,55.3
Nigeria,West Africa,2009,85.9,138.3,379.9755,10.58,63,64,22.9,66,63,0.79,2286,154.32,11.7,11.6,5.2,0,1,50.4
Mozambique,Southern Africa,2015,61.3,84.0,332.583,1.22,88,64,22.7,88,80,3.5,590,27.04,3.6,3.5,3.5,0,1,57.2
Sierra Leone,West Africa,2015,95.1,140.2,397.8705,3.06,86,60,22.7,86,86,0.85,588,7.17,7.4,7.3,3.4,0,1,52.9
Burkina Faso,West Africa,2013,62.7,108.3,267.2085,5.49,88,34,22.0,89,88,0.23,639,17.07,8.4,7.9,1.4,0,1,58.9
Mauritius,Southern Africa,2007,13.0,15.2,157.4485,3.23,97,80,24.9,96,97,1.05,6939,1.24,7.5,7.4,7.6,0,1,72.6
"Congo, Rep.",Central Africa,2014,38.7,54.4,269.618,1.9,90,64,23.1,90,90,2.06,2603,4.74,7.6,7.3,6.3,0,1,62.6
Guinea,West Africa,2010,74.4,117.7,290.8,0.2,64,64,22.6,62,64,0.93,689,10.19,8.2,8.2,1.6,0,1,56.9
Rwanda,East Africa,2009,47.0,69.6,259.5265,7.3,97,87,21.6,93,97,1.09,573,9.78,6.6,6.4,3.3,0,1,62.1
Seychelles,East Africa,2001,11.8,13.7,178.6415,6.84,96,98,25.5,96,96,3.5,10915,0.08,6.2,6.6,7.5,0,1,73.3
Burkina Faso,West Africa,2010,68.1,121.5,280.9365,5.44,91,32,21.8,90,91,0.31,582,15.61,9.0,8.6,1.4,0,1,57.1
Mali,West Africa,2008,81.1,140.2,289.566,0.58,74,64,22.4,74,74,0.62,707,14.11,9.2,9.0,1.9,0,1,54.2
Eswatini,Southern Africa,2000,67.8,112.2,559.1865,6.8,83,99,25.5,87,84,21.68,2472,1.01,9.4,9.6,3.9,0,1,47.5
Mozambique,Southern Africa,2013,64.7,92.3,356.677,1.0,78,64,22.5,84,78,3.5,544,25.56,3.6,3.5,3.4,0,1,54.9
Libya,North Africa,2004,21.0,24.4,137.419,0.012,99,95,27.1,97,97,0.07,11583,5.71,5.5,5.4,6.3,0,1,71.7
Eswatini,Southern Africa,2014,50.1,62.4,443.15,7.28,98,89,26.7,98,98,15.74,3630,1.1,4.3,4.3,6.5,0,1,53.6
Liberia,West Africa,2002,111.9,163.7,344.857,4.29,58,64,23.2,51,39,3.5,780,3.02,8.8,8.9,3.6,0,1,52.8
Guinea-Bissau,West Africa,2013,64.3,99.7,277.9945,2.95,87,64,23.2,86,87,1.82,593,1.65,7.5,7.3,2.8,0,1,56.1
Cote d'Ivoire,West Africa,2011,72.9,103.1,416.7045,1.14,62,64,23.5,58,62,1.16,1559,21.03,6.1,6.0,4.4,0,1,53.6
Togo,West Africa,2002,71.8,112.9,334.717,0.86,81,64,22.2,58,59,2.34,501,5.2,9.0,8.9,4.1,0,1,53.7
Djibouti,East Africa,2004,72.9,91.1,311.1355,0.51,88,82,23.7,64,64,0.85,863,0.77,6.0,5.9,3.6,0,1,57.7
Zimbabwe,Southern Africa,2008,54.5,94.5,594.7345,2.82,75,64,23.6,75,75,7.81,850,12.38,7.8,7.8,7.0,0,1,46.5
Liberia,West Africa,2009,74.2,103.6,272.1635,3.76,64,64,23.7,84,81,3.5,634,3.75,7.6,7.4,4.0,0,1,59.0
Tanzania,East Africa,2015,40.9,58.1,239.667,7.86,98,64,23.1,96,98,2.01,948,51.48,6.7,6.5,5.8,0,1,63.1
Gabon,Central Africa,2015,36.1,50.3,238.5125,8.06,80,64,25.2,79,80,1.09,7385,1.95,6.1,5.9,8.1,0,1,64.9
Mozambique,Southern Africa,2002,100.3,152.6,445.308,0.66,76,64,21.7,76,76,3.5,341,18.76,4.0,4.0,2.5,0,1,49.6
Senegal,West Africa,2000,67.7,129.5,250.914,0.24,87,33,22.1,49,52,0.68,1067,9.8,12.3,12.3,1.9,0,1,57.8
Tunisia,North Africa,2002,22.0,26.1,107.7635,1.15,93,98,25.3,96,96,0.01,2980,9.87,6.5,6.4,5.2,0,1,73.6
Zimbabwe,Southern Africa,2001,51.1,93.8,703.677,1.93,76,64,23.3,76,75,11.96,1715,11.92,1.6,1.7,6.7,0,1,44.0
Nigeria,West Africa,2015,79.3,126.4,356.2145,4.51,49,64,23.2,42,49,0.58,2687,181.14,9.8,9.7,6.0,0,1,53.1
Equatorial Guinea,Central Africa,2007,87.4,124.4,336.8925,8.31,46,64,23.3,55,41,4.21,14620,0.82,9.5,9.5,5.4,0,1,54.8
Eswatini,Southern Africa,2006,58.8,109.0,588.7775,6.26,93,99,26.0,88,87,18.94,3060,1.04,6.9,7.1,5.1,0,1,42.7
"Egypt, Arab Rep.",North Africa,2005,29.3,35.7,170.095,0.15,98,64,28.2,98,98,0.13,2830,75.52,3.2,3.2,5.6,0,1,69.4
Zambia,Southern Africa,2013,46.6,71.1,316.2765,2.98,79,40,22.4,74,79,5.0,1321,14.93,6.4,6.2,6.8,0,1,59.7
Kenya,East Africa,2003,53.2,85.4,459.654,1.5,73,28,22.2,75,73,3.71,1135,34.68,8.8,8.8,5.6,0,1,52.4
Rwanda,East Africa,2012,38.8,54.9,220.852,6.43,98,87,21.8,98,98,0.84,669,10.55,6.1,6.1,3.7,0,1,65.4
Sierra Leone,West Africa,2008,114.2,174.9,440.0625,3.83,77,60,22.5,75,77,1.21,516,6.13,8.7,8.7,2.9,0,1,47.5
Kenya,East Africa,2006,45.7,72.0,374.103,0.86,80,28,22.5,77,80,2.92,1239,37.65,8.5,8.4,5.9,0,1,56.1
Central African Republic,Central Africa,2005,106.1,160.8,523.723,1.57,45,64,22.0,47,54,3.05,455,4.04,9.7,9.7,3.3,0,1,44.7
Gabon,Central Africa,2002,51.2,79.6,328.5085,8.29,70,64,23.9,44,45,3.33,7662,1.29,7.7,7.5,6.5,0,1,57.8
Mauritania,West Africa,2003,68.3,110.8,225.6,0.004,61,64,24.0,75,76,0.42,1283,2.86,1.3,1.1,3.2,0,1,61.0
Algeria,North Africa,2012,22.5,26.2,100.2005,0.43,95,95,25.2,95,95,0.03,4012,37.38,5.9,5.8,7.6,0,1,75.4
Tanzania,East Africa,2011,45.5,68.4,301.7985,7.09,90,64,22.9,88,90,2.4,845,45.67,7.0,6.9,5.1,0,1,59.5
Tanzania,East Africa,2005,58.5,93.9,395.016,5.74,90,64,22.5,91,90,3.41,692,38.45,7.7,7.6,4.8,0,1,54.3
Comoros,East Africa,2012,58.9,79.4,234.8335,0.11,89,64,24.0,85,86,0.01,1237,0.72,6.9,6.7,4.6,0,1,62.6
Togo,West Africa,2014,52.2,78.3,275.155,1.25,87,64,23.4,82,87,0.72,554,7.14,6.6,6.4,4.7,0,1,59.6
Liberia,West Africa,2013,66.9,92.0,252.3375,3.74,76,64,24.0,80,76,3.5,754,4.25,6.8,6.7,4.4,0,1,61.2
"Gambia, The",West Africa,2002,58.1,104.2,295.754,3.37,92,64,22.3,86,87,1.59,700,1.4,9.8,9.8,2.1,0,1,56.8
Somalia,East Africa,2009,98.7,161.9,328.7635,0.0,42,64,22.7,41,42,0.13,280,11.72,7.1,6.9,2.1,0,1,53.7
Guinea,West Africa,2006,81.5,130.4,311.2915,0.15,57,64,22.3,53,57,1.09,655,9.31,9.1,9.1,1.6,0,1,54.1
Guinea-Bissau,West Africa,2007,82.5,132.2,296.2785,3.22,83,64,22.8,76,74,2.81,566,1.41,8.7,8.6,2.3,0,1,53.1
Lesotho,Southern Africa,2014,71.9,94.2,518.279,2.75,93,82,24.9,88,93,10.88,1120,2.04,5.8,5.6,6.1,0,1,49.9
Comoros,East Africa,2015,54.4,72.3,227.2735,0.14,91,64,24.3,92,91,0.01,1243,0.78,6.7,6.5,4.8,0,1,63.5
Mauritania,West Africa,2006,66.1,106.1,219.9,0.011,68,64,24.3,68,68,0.32,1585,3.11,9.6,9.4,3.4,0,1,61.6
Burundi,East Africa,2008,66.5,103.6,333.529,4.8,92,57,21.2,89,92,0.61,306,8.13,7.9,7.9,2.5,0,1,55.7
Libya,North Africa,2007,17.3,20.2,130.9605,0.007,98,97,27.4,98,98,0.09,14010,5.97,5.5,5.4,6.8,0,1,72.2
Algeria,North Africa,2011,22.9,26.7,102.167,0.4,95,96,25.1,95,95,0.02,3957,36.66,5.9,5.8,7.4,0,1,75.2
Burkina Faso,West Africa,2009,70.3,126.9,285.488,5.52,92,31,21.7,91,92,0.35,554,15.14,9.3,8.8,1.4,0,1,56.4
Guinea-Bissau,West Africa,2001,102.1,168.4,304.195,2.75,83,64,22.2,56,53,3.31,578,1.23,1.0,1.0,2.3,0,1,50.7
Malawi,Southern Africa,2010,52.4,84.2,390.2415,1.69,93,64,22.5,86,93,4.4,359,14.54,6.8,6.7,4.3,0,1,55.6
"Congo, Rep.",Central Africa,2002,68.0,106.2,422.489,0.9,71,64,22.2,41,41,2.36,2115,3.31,9.3,8.9,5.7,0,1,53.1
Angola,Southern Africa,2012,67.4,105.1,252.352,7.83,75,64,23.0,54,75,1.21,3128,25.11,8.8,8.6,4.8,0,1,57.2
South Africa,Southern Africa,2012,31.0,41.5,400.445,7.22,68,53,27.1,69,65,8.52,6232,52.83,6.0,7.3,9.8,0,1,60.1
Seychelles,East Africa,2005,11.8,13.7,166.0905,6.6,99,99,25.8,99,99,3.5,10790,0.08,6.0,6.4,7.7,0,1,72.1
"Gambia, The",West Africa,2008,48.6,80.3,279.9295,2.98,98,64,23.1,96,96,1.34,708,1.69,8.6,8.5,2.6,0,1,59.0
Libya,North Africa,2002,22.7,26.5,141.7245,0.002,91,86,27.0,93,93,0.06,10129,5.53,5.6,5.4,5.9,0,1,71.2
"Congo, Dem. Rep.",Central Africa,2006,92.8,131.4,304.8745,2.68,69,64,21.2,62,62,0.74,371,56.58,11.3,11.1,4.5,0,1,54.4
Cabo Verde,West Africa,2014,17.9,21.0,127.3355,4.31,97,79,24.4,95,95,0.26,3050,0.52,6.8,6.7,5.8,0,1,71.9
Djibouti,East Africa,2006,69.4,86.1,299.0395,1.03,88,82,23.7,72,72,0.62,968,0.79,5.8,5.7,3.8,0,1,58.3
Kenya,East Africa,2013,37.4,52.3,233.9175,1.53,93,28,23.1,94,87,1.54,1397,45.52,7.9,7.7,6.3,0,1,63.4
Uganda,East Africa,2015,38.9,55.7,311.7215,7.44,78,64,22.4,85,78,2.08,847,38.23,5.6,5.6,5.7,0,1,61.4
South Africa,Southern Africa,2011,32.1,45.6,424.9215,7.17,76,54,27.0,71,69,9.01,6183,52.0,6.6,8.0,9.9,0,1,58.9
Madagascar,Southern Africa,2004,58.0,88.5,266.172,0.8,71,64,20.8,74,78,0.05,463,17.8,8.2,8.1,5.5,0,1,60.8
"Gambia, The",West Africa,2010,45.8,73.6,274.965,2.82,97,64,23.4,97,97,1.21,753,1.79,8.2,8.1,2.8,0,1,59.6
Kenya,East Africa,2008,41.4,63.5,324.2835,1.32,88,28,22.7,88,88,2.33,1255,39.79,8.3,8.2,6.0,0,1,58.8
Togo,West Africa,2004,68.0,106.3,331.999,1.61,81,64,22.5,71,71,1.93,504,5.47,8.6,8.5,4.2,0,1,54.2
Djibouti,East Africa,2013,57.8,70.1,256.191,0.36,82,82,23.9,82,82,0.29,2384,0.88,5.6,5.4,4.0,0,1,62.2
Eswatini,Southern Africa,2013,49.5,62.5,451.479,7.36,98,89,26.6,98,98,15.83,3624,1.09,4.5,4.6,6.3,0,1,51.7
Eritrea,East Africa,2006,44.5,64.6,324.3455,1.29,94,88,20.4,94,94,0.35,731,2.92,9.3,9.3,3.7,0,1,59.5
Gabon,Central Africa,2014,37.2,52.8,244.635,8.21,70,64,25.1,68,70,1.24,7350,1.88,6.1,6.0,8.1,0,1,64.3
Morocco,North Africa,2006,33.6,39.3,104.479,0.48,95,92,25.1,97,97,0.05,2242,30.8,6.4,6.3,4.0,0,1,72.4
"Congo, Rep.",Central Africa,2012,40.7,57.9,284.405,1.9,62,64,22.9,61,85,2.04,2580,4.51,7.9,7.5,6.2,0,1,61.4
Zimbabwe,Southern Africa,2014,42.9,62.7,386.5745,4.22,91,64,23.8,92,91,4.29,1444,13.59,5.9,5.7,8.2,0,1,58.4
Cote d'Ivoire,West Africa,2006,83.4,122.0,438.23,0.81,77,64,23.2,76,77,2.12,1575,18.75,7.0,6.9,3.8,0,1,50.6
Cameroon,Central Africa,2013,61.6,96.7,351.1035,6.56,89,64,24.2,88,89,1.31,1306,22.08,5.8,5.8,5.9,0,1,56.6
Somalia,East Africa,2003,104.4,172.7,347.234,0.0,42,64,22.3,40,40,0.13,202,9.82,7.7,7.5,2.1,0,1,51.8
Seychelles,East Africa,2008,12.0,13.9,158.361,6.68,99,98,26.1,99,99,3.5,12154,0.09,5.9,6.3,8.0,0,1,73.2
"Congo, Dem. Rep.",Central Africa,2004,97.5,140.9,318.9535,2.03,69,64,21.1,52,54,0.83,354,53.07,11.7,11.5,4.1,0,1,52.9
Tunisia,North Africa,2014,14.9,17.3,92.8345,1.48,98,95,26.2,98,98,0.04,4098,11.06,6.5,6.4,6.9,0,1,75.7
Madagascar,Southern Africa,2009,48.6,72.0,248.135,0.83,77,64,21.0,76,77,0.12,480,20.57,7.7,7.6,5.9,0,1,62.9
Madagascar,Southern Africa,2010,47.1,69.3,242.9055,0.96,70,64,21.1,70,70,0.14,469,21.15,7.6,7.5,6.0,0,1,63.4
Somalia,East Africa,2013,88.4,143.0,316.669,0.0,42,64,23.0,47,42,0.13,330,13.06,6.8,6.6,2.1,0,1,55.1
Eritrea,East Africa,2014,34.9,47.9,261.8635,1.03,94,88,20.6,94,94,0.13,828,3.41,8.5,8.3,3.9,0,1,64.2
Eritrea,East Africa,2008,41.5,59.4,304.7255,0.66,94,88,20.5,95,94,0.29,638,3.06,9.1,9.1,3.8,0,1,61.0
Benin,West Africa,2004,78.2,124.4,275.3955,1.25,75,83,22.5,74,72,0.84,956,7.75,8.9,8.8,2.7,0,1,56.9
Ghana,West Africa,2015,38.8,54.6,244.6325,1.75,88,63,23.9,88,88,0.84,1774,27.85,6.2,6.1,6.9,0,1,62.8
Mauritius,Southern Africa,2002,14.4,16.6,166.862,3.91,88,80,24.6,88,88,1.2,5726,1.2,7.9,7.9,6.6,0,1,72.0
Malawi,Southern Africa,2011,48.8,77.6,357.892,1.88,97,64,22.6,97,97,4.0,366,14.96,6.7,6.6,4.3,0,1,57.2
Mozambique,Southern Africa,2006,83.2,126.2,410.7595,0.59,75,64,22.0,73,78,3.5,409,21.08,3.8,3.7,2.9,0,1,50.6
Burkina Faso,West Africa,2014,61.2,104.5,262.583,6.93,91,17,22.0,91,91,0.2,647,17.59,8.2,7.7,1.4,0,1,59.5
Botswana,Southern Africa,2002,43.9,78.3,587.989,6.43,88,83,23.8,97,97,16.5,4684,1.7,11.4,11.3,7.9,0,1,50.2
Cameroon,Central Africa,2011,66.6,105.8,359.557,5.9,82,64,24.0,80,82,1.73,1255,20.91,6.0,6.0,5.5,0,1,55.6
Gabon,Central Africa,2005,47.7,73.6,314.8255,7.56,70,64,24.3,44,45,2.59,7504,1.39,7.2,7.1,6.9,0,1,58.2
Guinea-Bissau,West Africa,2008,79.1,126.1,293.3925,3.01,83,64,22.9,77,77,2.73,570,1.45,8.5,8.4,2.4,0,1,53.6
Madagascar,Southern Africa,2005,55.9,84.8,263.646,0.74,81,64,20.9,80,85,0.06,471,18.34,8.1,8.0,5.6,0,1,61.2
Equatorial Guinea,Central Africa,2013,72.1,100.2,326.2985,8.95,46,64,23.8,57,30,4.43,13422,1.08,8.6,8.6,5.5,0,1,56.6
Comoros,East Africa,2009,63.7,86.9,247.4625,0.18,83,64,23.7,84,83,0.02,1193,0.67,7.2,7.0,3.9,0,1,61.5
Malawi,Southern Africa,2007,59.6,99.9,487.29,1.93,87,64,22.3,88,87,5.58,314,13.34,7.1,7.0,3.8,0,1,50.6
Central African Republic,Central Africa,2013,93.0,132.5,439.1325,1.7,23,64,22.6,23,23,1.53,365,4.45,8.5,8.5,4.0,0,1,49.4
Morocco,North Africa,2007,31.8,37.1,95.4645,0.48,95,92,25.2,95,95,0.05,2295,31.16,6.4,6.3,4.0,0,1,73.0
Ghana,West Africa,2002,59.9,91.9,300.7015,1.95,80,55,22.8,80,78,1.56,1077,20.25,8.8,8.8,6.2,0,1,57.4
Malawi,Southern Africa,2004,70.1,119.7,549.7965,1.25,89,64,22.1,94,89,6.97,287,12.3,7.5,7.4,3.3,0,1,46.8
Somalia,East Africa,2001,104.4,172.7,353.231,0.0,42,64,22.2,33,33,0.13,183,9.19,7.9,7.7,2.1,0,1,51.2
Cabo Verde,West Africa,2008,23.1,27.5,135.0125,4.25,98,96,24.1,99,99,0.27,3079,0.48,7.8,7.8,4.8,0,1,70.8
Guinea-Bissau,West Africa,2006,85.9,138.3,297.8265,3.48,83,64,22.7,74,71,2.88,562,1.38,8.9,8.8,2.3,0,1,52.7
Morocco,North Africa,2004,37.2,43.7,122.5085,0.47,95,91,24.9,97,97,0.06,2066,30.12,6.5,6.4,3.8,0,1,71.1
Eswatini,Southern Africa,2004,69.1,119.7,606.731,5.76,93,99,25.8,88,86,19.93,2749,1.03,7.7,7.9,4.0,0,1,42.7
Burundi,East Africa,2006,74.4,117.6,343.491,4.99,92,57,21.1,88,92,0.74,302,7.61,8.1,8.2,2.4,0,1,54.2
"Congo, Rep.",Central Africa,2000,72.4,114.1,417.8705,0.95,71,64,22.0,31,33,2.58,2062,3.13,9.5,9.2,5.5,0,1,52.1
Guinea,West Africa,2012,71.8,113.0,282.0,0.24,62,64,22.7,56,62,0.79,738,10.65,7.8,7.8,2.4,0,1,57.9
Equatorial Guinea,Central Africa,2015,67.6,93.2,328.8035,8.11,40,64,23.9,37,16,4.2,11283,1.17,8.4,8.3,5.5,0,1,57.4
Tanzania,East Africa,2009,48.7,75.4,331.2625,6.26,85,64,22.7,88,85,2.59,782,43.07,7.2,7.2,5.0,0,1,57.7
Seychelles,East Africa,2012,12.4,14.4,153.147,8.89,99,99,26.4,98,98,3.5,13701,0.09,5.7,6.1,8.8,0,1,74.3
Angola,Southern Africa,2003,110.4,183.8,340.0665,2.2,67,64,22.0,21,40,1.43,2022,18.12,1.4,1.3,4.4,0,1,48.4
Mali,West Africa,2012,72.6,121.0,282.1,0.61,66,64,22.7,65,66,0.42,705,15.98,8.3,8.1,2.1,0,1,56.1
Madagascar,Southern Africa,2008,50.3,74.8,253.3645,0.61,77,64,21.0,77,77,0.1,514,20.0,7.8,7.7,5.9,0,1,62.5
Eritrea,East Africa,2007,43.0,61.9,312.3995,1.75,91,88,20.4,95,91,0.3,722,3.0,9.2,9.2,3.8,0,1,60.2
Togo,West Africa,2007,62.9,97.3,327.9225,1.52,81,64,22.8,72,82,1.56,450,5.92,7.9,7.8,4.3,0,1,55.6
Senegal,West Africa,2009,44.1,69.8,217.6005,0.31,86,33,22.7,83,86,0.22,1143,12.34,1.6,1.5,2.4,0,1,63.6
Burundi,East Africa,2010,59.4,91.0,319.9625,4.61,96,56,21.3,94,96,0.49,313,8.68,7.7,7.7,2.6,0,1,57.2
Botswana,Southern Africa,2012,40.2,50.8,310.831,5.46,95,83,24.2,96,95,6.75,6089,2.04,7.3,7.0,9.0,0,1,63.5
Nigeria,West Africa,2008,87.7,141.7,383.7715,10.79,41,64,22.9,60,53,0.85,2173,150.27,12.0,11.9,5.2,0,1,49.9
Zimbabwe,Southern Africa,2013,44.8,66.3,405.008,4.11,95,64,23.7,95,95,4.77,1435,13.35,6.2,6.0,8.0,0,1,56.9
Mauritius,Southern Africa,2014,12.9,14.8,145.373,3.06,97,85,25.2,98,97,0.76,8955,1.26,7.0,6.9,9.1,0,1,74.2
Morocco,North Africa,2015,20.2,23.5,70.9135,0.39,99,95,25.9,99,99,0.03,2875,34.66,6.4,6.2,5.0,0,1,75.7
Comoros,East Africa,2006,68.4,94.4,258.699,0.24,69,64,23.4,69,69,0.02,1185,0.63,7.4,7.3,3.3,0,1,60.4
Namibia,Southern Africa,2009,38.5,51.6,441.7035,1.35,83,64,23.7,83,83,6.12,3982,2.08,1.9,1.9,6.2,0,1,55.2
Lesotho,Southern Africa,2007,73.8,114.3,579.412,2.85,90,80,24.5,87,88,15.31,912,1.99,8.4,8.3,5.5,0,1,42.9
Senegal,West Africa,2015,34.7,49.4,190.0275,0.19,89,54,22.9,85,89,0.1,1219,14.58,9.5,9.3,2.9,0,1,66.7
"Egypt, Arab Rep.",North Africa,2000,37.1,46.6,175.924,0.14,98,64,27.6,98,98,0.13,2610,68.83,3.6,3.5,4.8,0,1,68.6
Tanzania,East Africa,2003,65.6,106.5,429.3055,3.45,95,64,22.3,97,95,3.79,634,36.34,7.9,7.9,4.4,0,1,52.9
Eritrea,East Africa,2002,51.6,77.3,372.128,0.89,86,88,20.2,92,90,0.51,857,2.48,9.9,9.9,3.7,0,1,56.5
Sierra Leone,West Africa,2010,107.2,160.6,425.103,3.48,86,60,22.6,84,86,1.11,536,6.42,8.3,8.2,3.1,0,1,49.4
Eswatini,Southern Africa,2002,69.6,117.7,624.685,5.51,88,99,25.6,87,85,20.31,2572,1.02,8.6,8.8,3.6,0,1,44.4
"Egypt, Arab Rep.",North Africa,2009,25.0,29.9,162.699,0.19,97,64,28.7,97,97,0.13,3381,81.13,3.0,3.0,6.4,0,1,70.2
Mozambique,Southern Africa,2012,66.4,96.3,368.724,0.97,76,64,22.5,81,76,3.5,523,24.86,3.6,3.5,3.3,0,1,53.9
Zambia,Southern Africa,2003,73.2,125.4,569.503,2.39,81,39,21.7,85,83,8.7,843,11.26,7.3,7.2,6.1,0,1,46.3
Togo,West Africa,2006,64.6,100.1,329.281,2.01,80,64,22.7,85,84,1.66,468,5.76,8.1,8.0,4.3,0,1,55.1
Zambia,Southern Africa,2010,51.2,79.0,382.8695,2.79,83,39,22.2,80,83,5.74,1215,13.61,6.7,6.5,6.6,0,1,55.7
Benin,West Africa,2003,79.8,127.4,280.0665,1.46,73,83,22.4,75,73,0.88,943,7.52,9.1,9.0,2.7,0,1,56.4
"Congo, Dem. Rep.",Central Africa,2001,104.4,154.9,338.642,2.05,69,64,20.8,30,30,1.01,334,48.43,12.2,12.1,3.5,0,1,50.7
Morocco,North Africa,2014,21.3,24.9,72.144,0.41,99,54,25.8,99,99,0.04,2789,34.19,6.4,6.2,5.0,0,1,75.5
Libya,North Africa,2013,12.3,14.4,137.147,0.01,96,95,27.8,96,96,0.08,10101,6.32,5.7,5.5,7.3,0,1,71.9
South Africa,Southern Africa,2014,29.4,37.6,367.7435,7.21,85,55,27.2,85,77,7.47,6274,54.54,4.9,5.9,10.0,0,1,62.0
Nigeria,West Africa,2004,97.8,160.3,401.9865,11.33,29,64,22.6,43,33,1.1,1878,135.32,13.2,13.2,5.2,0,1,47.7
Guinea,West Africa,2001,96.2,157.4,332.612,0.17,57,64,21.9,52,50,1.3,637,8.42,1.1,1.1,1.5,0,1,51.3
Mauritania,West Africa,2011,60.0,93.0,210.0,0.0,75,64,24.6,73,75,0.18,1433,3.6,8.5,8.3,3.9,0,1,62.8
Central African Republic,Central Africa,2014,90.5,128.2,425.1035,1.88,47,64,22.7,50,47,1.33,364,4.46,8.4,8.3,4.1,0,1,50.1
Eswatini,Southern Africa,2005,68.3,119.4,597.7545,5.05,95,99,25.9,88,86,19.87,2902,1.03,7.3,7.5,4.5,0,1,42.5
Sierra Leone,West Africa,2014,95.6,139.2,401.9615,3.04,83,60,22.7,83,83,0.92,757,7.02,7.5,7.4,3.3,0,1,52.4
Liberia,West Africa,2010,71.8,99.8,267.442,3.65,47,64,23.8,71,70,3.5,649,3.89,7.4,7.2,4.1,0,1,59.6
Ghana,West Africa,2010,47.0,69.1,259.173,1.6,94,55,23.6,94,94,1.0,1419,24.78,7.1,7.0,6.7,0,1,61.0
Algeria,North Africa,2005,28.8,33.6,118.7855,0.5,83,94,24.7,88,88,0.02,3752,33.15,6.1,6.0,6.9,0,1,73.1
Cote d'Ivoire,West Africa,2000,95.6,143.3,456.1585,4.65,59,64,22.7,66,65,3.99,1848,16.45,8.1,8.1,3.3,0,1,49.6
Tanzania,East Africa,2012,44.0,65.3,287.067,6.22,92,64,22.9,90,92,2.32,857,47.05,6.9,6.8,5.5,0,1,60.5
"Gambia, The",West Africa,2000,61.6,113.4,300.7215,3.16,91,64,21.9,84,80,1.68,729,1.32,1.2,1.2,2.0,0,1,56.0
Namibia,Southern Africa,2011,36.9,48.9,383.243,1.59,82,64,23.9,85,82,5.62,4282,2.16,9.9,9.9,6.3,0,1,58.1
Cabo Verde,West Africa,2009,22.7,27.0,134.1865,4.2,98,96,24.2,99,99,0.26,3004,0.49,7.6,7.6,5.0,0,1,70.9
Madagascar,Southern Africa,2002,62.5,96.5,271.224,0.8,51,64,20.7,61,62,0.04,426,16.77,8.5,8.4,5.3,0,1,59.7
Burundi,East Africa,2001,91.9,149.4,355.612,6.62,87,57,20.7,72,81,1.41,306,6.53,8.8,8.8,1.9,0,1,49.9
Morocco,North Africa,2000,43.9,52.3,152.9405,0.45,43,92,24.6,95,95,0.06,1763,28.79,6.7,6.6,3.4,0,1,68.7
Libya,North Africa,2008,16.1,18.8,132.4335,0.011,98,97,27.4,98,98,0.09,13794,6.06,5.5,5.4,7.0,0,1,72.2
"Congo, Rep.",Central Africa,2015,37.6,52.6,262.224,2.05,80,64,23.1,80,80,2.04,2449,4.86,7.5,7.1,6.3,0,1,63.1
Zambia,Southern Africa,2006,58.4,98.5,496.876,2.73,81,39,21.9,83,81,7.23,965,12.17,7.0,6.9,6.4,0,1,49.8
Namibia,Southern Africa,2007,37.6,60.8,500.1645,1.9,83,64,23.5,81,86,7.04,4012,2.01,12.0,12.0,6.1,0,1,52.6
Cameroon,Central Africa,2000,87.6,143.9,411.085,3.89,81,64,23.0,57,62,4.22,1107,15.51,7.7,7.8,4.8,0,1,51.0
"Egypt, Arab Rep.",North Africa,2007,27.1,32.7,167.5755,0.19,98,64,28.4,98,98,0.13,3126,78.23,3.1,3.1,6.0,0,1,69.8
"Congo, Dem. Rep.",Central Africa,2003,99.9,145.7,325.9935,2.26,69,64,21.0,47,41,0.89,342,51.43,11.9,11.7,3.9,0,1,52.1
Rwanda,East Africa,2002,90.3,149.6,423.329,9.16,88,87,21.1,85,88,2.69,399,8.43,7.2,7.4,2.5,0,1,51.0
Guinea,West Africa,2011,73.1,115.3,286.4,0.24,63,64,22.6,63,63,0.84,712,10.42,8.0,8.0,2.0,0,1,57.4
Namibia,Southern Africa,2015,33.3,47.6,315.473,2.63,92,64,24.2,92,92,4.58,4897,2.31,8.2,8.1,6.7,0,1,62.1
Zambia,Southern Africa,2002,79.2,136.1,593.712,2.61,81,39,21.6,85,84,9.05,808,10.97,7.4,7.3,6.1,0,1,45.4
Mauritius,Southern Africa,2001,15.3,17.5,169.8725,4.31,92,80,24.5,93,92,1.21,5674,1.2,8.0,8.0,6.4,0,1,71.8
South Africa,Southern Africa,2001,47.8,73.1,460.7075,7.56,72,54,26.2,71,71,12.31,4996,45.57,15.4,18.1,7.5,0,1,55.1
Burundi,East Africa,2007,70.4,110.5,340.312,5.03,99,57,21.1,93,99,0.69,302,7.86,8.0,8.0,2.4,0,1,54.9
Ethiopia,East Africa,2004,73.1,115.3,353.864,0.21,52,64,20.1,54,40,0.73,286,74.24,11.5,11.3,1.8,0,1,55.2
Cote d'Ivoire,West Africa,2007,81.1,118.2,430.5715,0.91,76,64,23.3,75,76,1.85,1558,19.17,6.8,6.7,3.9,0,1,51.1
Senegal,West Africa,2014,36.2,52.3,193.5185,0.19,89,64,22.9,85,89,0.1,1179,14.17,9.7,9.5,2.8,0,1,66.4
Tunisia,North Africa,2009,16.2,18.9,99.6225,1.36,99,97,25.8,99,99,0.04,3881,10.53,6.3,6.3,6.4,0,1,74.9
Uganda,East Africa,2009,52.1,81.5,369.69,11.1,79,64,21.9,78,79,3.29,750,31.41,6.1,6.1,5.2,0,1,56.1
"Gambia, The",West Africa,2004,54.7,95.6,290.417,3.56,95,64,22.6,88,87,1.48,751,1.5,9.4,9.3,2.3,0,1,57.6
South Africa,Southern Africa,2010,34.4,52.0,449.3985,7.07,71,55,26.9,72,72,9.52,6085,51.22,7.3,8.9,10.0,0,1,57.7
Lesotho,Southern Africa,2006,74.5,116.5,592.0125,2.77,91,80,24.4,88,89,16.06,874,1.99,8.8,8.7,5.4,0,1,42.6
South Africa,Southern Africa,2007,46.6,75.3,522.8285,7.5,83,49,26.7,79,82,10.86,6060,49.12,9.7,11.7,9.1,0,1,54.5
Lesotho,Southern Africa,2010,70.9,96.4,548.4965,2.75,93,81,24.7,92,93,12.44,996,2.0,7.2,7.0,5.6,0,1,45.1
"Egypt, Arab Rep.",North Africa,2012,22.2,26.3,155.3845,0.19,93,64,29.1,93,93,0.13,3472,86.42,2.9,2.8,6.8,0,1,70.7
Ghana,West Africa,2000,64.3,99.7,299.502,1.95,80,55,22.6,88,88,1.75,1041,19.28,9.2,9.2,6.1,0,1,57.0
Uganda,East Africa,2000,87.1,146.1,537.6,11.68,52,64,21.2,55,52,4.6,517,23.65,7.0,7.0,3.9,0,1,46.2
Sierra Leone,West Africa,2000,138.1,224.9,531.3245,3.75,71,60,22.0,46,44,1.59,403,4.58,1.3,1.4,2.3,0,1,39.4
Benin,West Africa,2005,76.5,121.5,270.725,1.24,70,83,22.6,73,70,0.79,944,7.98,8.7,8.6,2.8,0,1,57.4
Madagascar,Southern Africa,2003,60.2,92.4,268.6985,0.83,61,64,20.8,65,66,0.04,453,17.28,8.3,8.3,5.4,0,1,60.3
Cote d'Ivoire,West Africa,2008,78.7,114.2,427.1045,0.97,74,64,23.3,58,74,1.66,1596,19.61,6.6,6.6,4.0,0,1,51.7
Ethiopia,East Africa,2009,57.0,86.7,279.805,0.32,56,64,20.3,65,58,0.4,414,85.23,11.1,1.8,2.3,0,1,60.6
Cabo Verde,West Africa,2012,20.3,24.0,131.7085,4.93,94,94,24.3,94,94,0.24,3085,0.51,7.1,7.1,5.4,0,1,71.4
Tanzania,East Africa,2002,69.9,114.0,446.4505,5.14,89,64,22.2,91,89,4.03,611,35.33,8.0,8.0,4.3,0,1,52.1
Botswana,Southern Africa,2001,44.6,80.0,574.7605,5.5,87,83,23.7,97,97,17.96,4495,1.67,11.8,11.8,7.7,0,1,50.3
Mali,West Africa,2014,68.7,112.4,272.427,0.61,73,64,22.9,62,73,0.42,729,16.93,7.9,7.7,2.3,0,1,57.0
Niger,West Africa,2014,53.4,98.0,253.126,0.12,68,64,21.7,79,68,0.06,482,19.24,9.8,9.6,1.7,0,1,60.1
Togo,West Africa,2009,59.8,91.7,309.5725,1.16,78,64,23.0,78,78,1.28,468,6.25,7.5,7.4,4.3,0,1,56.8
Ethiopia,East Africa,2011,51.9,77.7,252.8295,0.45,65,64,20.4,70,65,0.32,490,90.14,1.9,1.6,2.4,0,1,62.5
Cote d'Ivoire,West Africa,2013,69.1,97.0,407.6445,1.22,80,64,23.6,79,80,0.84,1769,22.09,5.8,5.7,4.7,0,1,54.9
Mali,West Africa,2002,96.1,174.7,318.8575,0.61,78,64,21.8,65,61,0.92,641,11.62,1.5,1.5,1.4,0,1,49.5
Niger,West Africa,2007,71.3,149.0,276.348,0.096,72,64,21.3,57,57,0.18,417,14.69,11.4,11.3,1.4,0,1,55.0
Chad,Central Africa,2009,85.8,151.7,387.5995,0.67,24,64,21.6,32,24,0.67,659,11.56,9.6,9.5,1.8,0,1,50.3
Mauritius,Southern Africa,2012,13.0,14.9,147.395,3.17,98,90,25.1,98,98,0.89,8384,1.26,7.1,7.0,8.6,0,1,73.9
Eritrea,East Africa,2003,49.6,73.8,360.1825,0.62,91,88,20.3,95,93,0.47,796,2.6,9.7,9.7,3.7,0,1,57.2
Zimbabwe,Southern Africa,2015,42.1,61.3,368.141,3.84,87,64,23.8,88,87,3.86,1445,13.81,5.6,5.5,8.2,0,1,59.5
Lesotho,Southern Africa,2011,69.0,93.9,538.191,2.38,96,82,24.7,95,96,11.51,1037,2.0,6.8,6.6,5.8,0,1,46.2
Nigeria,West Africa,2014,80.1,127.9,360.3385,4.45,49,64,23.2,40,49,0.58,2688,176.4,1.1,9.9,5.9,0,1,52.7
Zimbabwe,Southern Africa,2012,46.5,72.2,423.442,3.93,97,64,23.7,95,95,5.13,1432,13.12,6.5,6.4,7.9,0,1,55.0
Ethiopia,East Africa,2003,76.7,121.8,369.5585,0.14,52,64,20.0,54,37,0.83,259,72.17,11.6,11.5,1.7,0,1,54.2
Sierra Leone,West Africa,2013,97.7,141.2,406.0525,3.12,92,60,22.6,92,92,0.95,740,6.86,7.7,7.6,3.3,0,1,51.7
Kenya,East Africa,2015,35.2,48.9,223.608,1.65,89,28,23.3,83,89,1.15,1465,47.88,7.8,7.6,6.3,0,1,64.8
Cameroon,Central Africa,2008,72.7,117.6,368.451,5.5,84,64,23.8,82,84,2.27,1249,19.25,6.4,6.5,5.2,0,1,54.2
"Gambia, The",West Africa,2005,53.1,91.5,287.749,3.31,95,64,22.7,94,95,1.44,711,1.54,9.2,9.1,2.4,0,1,57.9
Djibouti,East Africa,2010,62.5,76.6,272.2445,0.48,88,82,23.9,88,88,0.43,1343,0.84,5.6,5.6,4.0,0,1,60.1
Eswatini,Southern Africa,2001,69.0,115.8,591.9355,6.7,86,99,25.6,87,84,20.8,2477,1.01,9.0,9.2,3.7,0,1,45.8
Mozambique,Southern Africa,2001,106.1,161.0,440.8905,0.65,76,64,21.7,72,73,3.5,321,18.22,4.1,4.0,2.4,0,1,49.3
Chad,Central Africa,2000,99.7,184.0,406.9915,0.3,27,64,20.9,30,36,1.39,375,8.36,11.5,11.4,1.4,0,1,47.7
Gabon,Central Africa,2004,49.0,75.8,319.386,8.02,70,64,24.2,44,45,2.84,7507,1.35,7.4,7.2,6.8,0,1,57.9
Botswana,Southern Africa,2005,38.9,67.0,498.38,6.38,92,83,23.9,96,96,11.63,4986,1.8,1.0,9.9,8.3,0,1,52.1
Burkina Faso,West Africa,2005,80.8,153.1,305.8365,5.87,86,31,21.4,94,82,0.58,518,13.42,1.3,9.8,1.3,0,1,53.3
Lesotho,Southern Africa,2013,71.0,92.6,523.0825,2.55,93,82,24.8,90,93,11.55,1109,2.03,6.1,5.9,6.0,0,1,48.7
Morocco,North Africa,2009,28.4,33.0,87.1205,0.53,98,72,25.3,99,99,0.05,2473,31.93,6.4,6.2,4.2,0,1,74.0
Niger,West Africa,2008,67.9,139.3,273.319,0.11,72,64,21.4,68,67,0.14,432,15.25,11.2,11.0,1.4,0,1,55.8
Botswana,Southern Africa,2000,45.2,80.5,561.532,5.38,86,83,23.6,97,97,19.66,4569,1.64,12.3,12.2,7.6,0,1,50.6
Eritrea,East Africa,2001,53.8,81.1,371.292,0.67,87,88,20.2,89,86,0.59,870,2.37,1.0,1.0,3.7,0,1,55.9
Malawi,Southern Africa,2014,39.2,57.6,305.0855,2.01,91,64,22.8,87,91,2.95,381,16.29,6.5,6.3,4.4,0,1,61.0
Nigeria,West Africa,2013,81.0,129.4,364.4625,4.45,46,64,23.1,41,46,0.62,2597,171.77,1.4,1.2,5.9,0,1,52.2
Zambia,Southern Africa,2012,49.1,74.7,323.004,2.78,78,40,22.3,70,78,5.26,1298,14.47,6.5,6.3,6.7,0,1,58.5
Ethiopia,East Africa,2007,62.8,97.0,306.7815,0.31,47,64,20.2,61,50,0.52,363,80.67,11.3,11.0,2.1,0,1,58.5
Cameroon,Central Africa,2012,64.2,101.3,356.5925,6.42,85,64,24.1,85,85,1.55,1278,21.49,5.9,5.9,5.7,0,1,56.1
Algeria,North Africa,2003,31.3,36.5,127.5385,0.33,81,96,24.5,87,87,0.01,3490,32.26,6.3,6.1,6.5,0,1,72.1
Madagascar,Southern Africa,2000,67.5,105.4,280.972,1.17,61,64,20.6,58,57,0.02,488,15.77,8.7,8.6,5.2,0,1,58.5
"Egypt, Arab Rep.",North Africa,2010,24.0,28.7,160.261,0.21,97,64,28.8,97,97,0.13,3485,82.76,3.0,2.9,6.5,0,1,70.3
Mauritania,West Africa,2015,55.0,82.7,203.5835,0.0,73,64,24.9,67,73,0.15,1524,4.05,7.8,7.5,4.3,0,1,63.9
Guinea-Bissau,West Africa,2009,75.9,120.2,290.506,2.89,80,64,23.0,78,80,2.55,574,1.48,8.3,8.1,2.5,0,1,54.1
Mauritania,West Africa,2010,61.2,95.6,212.0,0.0,64,64,24.6,52,64,0.19,1417,3.49,8.7,8.5,3.8,0,1,62.5
Kenya,East Africa,2004,50.8,81.0,431.137,0.69,73,28,22.3,73,73,3.45,1160,35.64,8.7,8.6,5.7,0,1,53.5
Togo,West Africa,2005,66.3,103.1,330.64,1.84,81,64,22.6,80,82,1.78,468,5.61,8.4,8.3,4.2,0,1,54.6
Cameroon,Central Africa,2004,79.7,130.6,394.661,4.69,81,64,23.5,72,73,2.99,1224,17.26,7.0,7.1,5.1,0,1,52.3
Mali,West Africa,2003,93.3,168.3,313.3725,0.56,79,64,21.9,67,63,0.86,678,11.98,1.3,1.2,1.5,0,1,50.4
Kenya,East Africa,2010,39.3,57.4,281.6775,1.52,90,28,22.8,90,90,2.04,1326,42.03,8.2,8.0,6.1,0,1,61.0
Algeria,North Africa,2006,27.6,32.1,114.4095,0.38,80,98,24.7,95,95,0.02,3760,33.64,6.1,6.0,7.0,0,1,73.5
Cameroon,Central Africa,2003,81.7,134.0,402.4095,4.6,81,64,23.4,72,73,3.26,1175,16.8,7.2,7.3,5.1,0,1,51.9
Gabon,Central Africa,2003,50.2,77.8,323.9475,6.41,70,64,24.0,44,45,3.0,7647,1.32,7.5,7.4,6.6,0,1,57.8
Malawi,Southern Africa,2001,92.9,160.5,581.009,1.3,79,64,21.8,86,90,8.8,273,11.43,7.9,7.7,3.1,0,1,45.2
Guinea,West Africa,2008,77.6,123.3,299.6,0.21,57,64,22.5,59,60,1.02,696,9.74,8.6,8.6,1.6,0,1,55.6
Eritrea,East Africa,2010,39.0,55.1,289.377,1.13,95,88,20.5,95,90,0.25,654,3.17,8.9,8.8,3.9,0,1,62.2
Uganda,East Africa,2011,47.0,71.6,340.7545,8.79,82,64,22.0,79,82,2.89,814,33.48,5.9,5.9,5.4,0,1,58.1
Djibouti,East Africa,2008,65.9,81.2,286.076,0.49,88,82,23.8,89,89,0.5,1224,0.82,5.7,5.6,3.9,0,1,59.1
Eswatini,Southern Africa,2003,69.8,119.2,615.708,5.62,90,99,25.7,87,85,20.22,2662,1.02,8.2,8.4,3.4,0,1,43.4
Mauritius,Southern Africa,2013,13.1,15.0,146.3845,3.17,98,85,25.1,98,98,0.81,8647,1.26,7.0,7.0,8.9,0,1,74.0
Ghana,West Africa,2007,52.1,78.0,265.4325,0.67,94,55,23.4,94,94,1.15,1240,22.96,7.7,7.6,6.5,0,1,59.7
Rwanda,East Africa,2000,109.5,185.2,442.3195,8.71,91,87,20.9,90,90,3.17,345,7.93,7.6,7.7,2.3,0,1,48.6
"Gambia, The",West Africa,2007,50.0,83.8,282.4125,3.19,97,64,23.0,94,95,1.37,686,1.64,8.8,8.7,2.5,0,1,58.7
Botswana,Southern Africa,2011,41.1,51.9,336.393,6.24,95,84,24.2,96,95,7.61,5899,2.02,7.7,7.4,8.9,0,1,61.9
Eritrea,East Africa,2013,35.8,49.5,267.946,1.03,94,88,20.6,94,94,0.16,761,3.34,8.6,8.4,3.9,0,1,63.7
Zambia,Southern Africa,2015,46.9,67.7,302.822,3.5,90,47,22.5,90,90,4.48,1338,15.88,6.3,6.1,6.9,0,1,61.7
Madagascar,Southern Africa,2001,64.9,100.8,276.098,1.05,61,64,20.7,60,60,0.03,501,16.26,8.6,8.5,5.2,0,1,59.1
Mauritius,Southern Africa,2000,16.6,18.8,172.883,4.58,88,80,24.5,88,88,1.21,5534,1.19,8.1,8.1,6.2,0,1,71.7
Mauritania,West Africa,2013,57.5,87.7,206.528,0.0,80,64,24.8,80,80,0.16,1470,3.82,8.1,7.9,4.1,0,1,63.4
Guinea,West Africa,2000,99.9,164.2,324.7675,0.18,57,64,21.8,47,46,1.34,628,8.24,1.3,1.3,1.5,0,1,51.2
Morocco,North Africa,2011,25.3,29.5,78.776,0.46,98,68,25.5,98,99,0.05,2631,32.78,6.3,6.2,4.4,0,1,74.7
Benin,West Africa,2000,85.0,136.8,285.899,1.44,73,83,22.1,78,78,1.03,906,6.87,9.7,9.6,2.6,0,1,55.4
Lesotho,Southern Africa,2001,70.5,108.8,605.593,2.85,79,46,24.1,78,78,17.55,739,2.04,11.1,11.1,5.0,0,1,46.2
Seychelles,East Africa,2003,11.8,13.7,172.5165,7.35,99,99,25.7,99,99,3.5,10198,0.08,6.1,6.5,7.6,0,1,71.0
Chad,Central Africa,2012,80.6,139.8,371.3155,0.63,40,64,21.7,51,40,0.54,738,12.78,9.0,8.9,2.1,0,1,51.9
Botswana,Southern Africa,2013,39.4,49.6,290.0855,5.07,95,83,24.2,96,95,6.07,6705,2.06,7.0,6.7,9.1,0,1,65.0
Burkina Faso,West Africa,2000,90.9,178.9,328.765,4.51,86,31,20.9,45,45,0.89,440,11.61,11.4,11.1,1.2,0,1,50.5
Botswana,Southern Africa,2014,40.1,50.2,269.3405,6.04,95,85,24.3,96,95,5.9,6896,2.09,6.7,6.4,9.2,0,1,66.3
Cabo Verde,West Africa,2002,26.3,31.6,141.6955,3.87,40,96,23.5,92,91,0.39,2053,0.44,9.2,9.1,3.8,0,1,69.6
Chad,Central Africa,2006,90.8,163.3,401.3725,0.49,27,64,21.4,49,40,0.91,657,10.46,1.3,1.2,1.6,0,1,48.9
Liberia,West Africa,2012,68.3,94.2,258.0005,3.75,80,64,23.9,80,80,3.5,713,4.14,7.0,6.9,4.3,0,1,60.7
Liberia,West Africa,2008,77.2,108.2,276.8845,3.9,64,64,23.7,79,75,3.5,626,3.61,7.7,7.6,4.0,0,1,58.2
Algeria,North Africa,2004,30.1,35.1,123.162,0.45,81,94,24.6,86,86,0.02,3593,32.69,6.2,6.1,6.7,0,1,72.6
Cameroon,Central Africa,2001,85.8,140.9,410.6215,4.38,81,64,23.1,61,63,3.91,1124,15.93,7.5,7.7,4.9,0,1,51.2
"Egypt, Arab Rep.",North Africa,2008,26.0,31.3,165.137,0.21,97,64,28.6,97,97,0.13,3291,79.64,3.1,3.0,6.2,0,1,70.0
Angola,Southern Africa,2013,63.7,98.5,249.2235,7.67,77,64,23.1,48,77,1.12,3169,26.02,8.6,8.5,4.9,0,1,58.1
Benin,West Africa,2014,64.4,99.8,245.6915,1.53,78,83,23.4,71,78,0.39,1088,10.29,7.1,6.9,3.3,0,1,60.3
Ethiopia,East Africa,2014,45.2,65.9,229.3955,0.65,77,64,20.5,68,77,0.22,596,98.09,1.5,1.3,2.5,0,1,64.5
Mali,West Africa,2010,76.7,130.3,285.833,0.6,72,64,22.6,77,73,0.52,732,15.05,8.8,8.5,2.0,0,1,55.3
South Africa,Southern Africa,2009,38.4,60.3,473.875,7.25,74,63,26.9,75,76,10.13,5992,50.48,8.1,9.8,10.1,0,1,56.5
Comoros,East Africa,2005,69.8,96.7,261.5155,0.24,68,64,23.3,67,68,0.02,1182,0.61,7.5,7.4,3.1,0,1,60.1
Central African Republic,Central Africa,2012,94.5,136.2,453.1605,1.96,47,64,22.6,47,47,1.59,576,4.44,8.7,8.6,3.8,0,1,48.6
South Africa,Southern Africa,2005,49.4,78.8,508.6085,7.17,79,48,26.6,75,79,11.43,5588,47.88,11.6,13.9,8.9,0,1,53.4
Tunisia,North Africa,2001,23.4,27.9,109.8335,1.18,94,99,25.2,98,98,0.01,2965,9.79,6.5,6.4,5.1,0,1,73.4
Central African Republic,Central Africa,2003,107.7,164.2,542.026,1.61,45,64,21.8,44,47,3.29,442,3.88,1.0,1.1,3.1,0,1,44.2
Cote d'Ivoire,West Africa,2003,89.6,133.1,461.2065,4.65,63,64,22.9,68,61,2.91,1567,17.6,7.5,7.5,3.5,0,1,49.6
Lesotho,Southern Africa,2000,70.0,106.9,568.77,3.09,79,48,24.0,82,83,18.69,715,2.03,11.5,11.6,4.9,0,1,47.7
Senegal,West Africa,2003,59.2,107.0,246.5465,0.19,87,33,22.3,73,73,0.59,1093,10.54,11.8,11.7,2.4,0,1,59.3
Lesotho,Southern Africa,2002,71.2,110.7,642.4155,2.93,79,50,24.1,84,84,17.08,747,2.03,1.6,1.6,5.1,0,1,44.9
Sierra Leone,West Africa,2001,135.6,219.4,519.6305,3.98,71,60,22.1,38,38,1.57,364,4.75,1.1,1.2,2.4,0,1,40.4
Somalia,East Africa,2012,91.0,147.8,320.8515,0.0,42,64,22.9,47,42,0.13,331,12.72,6.8,6.7,2.1,0,1,54.7
Seychelles,East Africa,2009,12.0,14.0,157.0575,5.2,99,99,26.2,99,99,3.5,11973,0.09,5.8,6.2,8.0,0,1,73.1
Algeria,North Africa,2007,26.4,30.7,110.033,0.34,90,95,24.8,95,95,0.02,3828,34.17,6.0,5.9,7.2,0,1,73.9
Niger,West Africa,2015,51.8,93.8,249.086,0.12,65,64,21.8,83,65,0.06,484,20.0,9.6,9.4,1.8,0,1,60.6
"Egypt, Arab Rep.",North Africa,2003,32.0,39.4,172.614,0.14,98,64,28.0,98,98,0.13,2699,72.83,3.3,3.3,5.3,0,1,69.1
Libya,North Africa,2012,12.9,15.0,138.3255,0.01,98,97,27.7,98,98,0.09,12386,6.29,5.6,5.4,7.3,0,1,71.9
Guinea-Bissau,West Africa,2000,105.0,173.8,304.371,3.02,83,64,22.1,52,49,3.32,577,1.2,1.2,1.2,2.3,0,1,50.4
Uganda,East Africa,2006,61.6,99.6,420.308,10.97,64,64,21.6,62,64,3.67,655,28.57,6.4,6.4,4.6,0,1,52.8
Togo,West Africa,2012,55.2,83.5,282.047,1.13,84,64,23.2,84,84,0.87,519,6.77,7.0,6.8,4.4,0,1,58.7
Niger,West Africa,2004,82.3,181.5,284.279,0.096,72,64,21.1,45,43,0.29,398,13.13,12.1,12.0,1.3,0,1,52.7
Djibouti,East Africa,2012,59.3,72.2,258.4125,0.41,81,82,23.9,81,81,0.36,1559,0.87,5.6,5.5,4.0,0,1,61.4
Tanzania,East Africa,2013,43.0,62.7,271.267,6.71,91,64,23.0,91,91,2.19,888,48.48,6.8,6.7,5.5,0,1,61.4
Benin,West Africa,2009,70.9,111.3,257.297,1.26,79,83,23.0,80,79,0.55,996,8.94,7.9,7.8,2.8,0,1,59.0
Cabo Verde,West Africa,2005,23.5,28.1,138.181,4.32,93,96,23.8,95,95,0.36,2411,0.46,8.5,8.5,4.3,0,1,70.4
Kenya,East Africa,2012,38.2,54.1,239.072,1.49,94,28,23.0,94,94,1.69,1382,44.34,8.0,7.8,6.2,0,1,62.7
Angola,Southern Africa,2014,60.5,92.9,246.0945,8.1,64,64,23.2,55,64,0.97,3207,26.94,8.5,8.3,4.9,0,1,58.8
Sierra Leone,West Africa,2005,124.1,195.5,471.7,3.65,72,60,22.4,67,65,1.4,472,5.65,9.3,9.3,2.7,0,1,44.5
Somalia,East Africa,2015,83.6,134.3,308.303,0.0,42,64,23.1,47,42,0.13,386,13.8,6.6,6.4,2.1,0,1,55.9
Algeria,North Africa,2014,21.9,25.5,97.277,0.54,95,99,25.4,95,95,0.04,4112,38.92,6.0,5.8,7.9,0,1,75.9
Niger,West Africa,2003,86.2,193.1,286.923,0.096,72,64,21.0,44,41,0.33,411,12.65,12.3,12.2,1.2,0,1,52.0
Eritrea,East Africa,2011,37.9,53.1,281.703,1.19,96,88,20.6,94,96,0.22,701,3.21,8.8,8.7,3.9,0,1,62.7
Malawi,Southern Africa,2008,56.5,94.5,454.9405,1.9,91,64,22.4,92,91,4.96,328,13.73,7.0,6.9,3.9,0,1,52.2
Cote d'Ivoire,West Africa,2001,93.7,140.1,462.512,4.67,59,64,22.7,70,66,3.66,1765,16.85,7.9,7.9,3.3,0,1,49.5
Ghana,West Africa,2014,40.2,57.1,248.088,1.83,98,67,23.8,94,98,0.84,1777,27.22,6.4,6.3,6.9,0,1,62.4
"Congo, Dem. Rep.",Central Africa,2002,102.2,150.4,333.0325,2.33,69,64,20.9,40,38,0.95,334,49.87,12.1,11.9,3.7,0,1,51.4
Kenya,East Africa,2005,48.0,76.3,402.62,0.88,76,28,22.4,70,76,3.19,1196,36.62,8.6,8.5,5.8,0,1,54.7
Ghana,West Africa,2008,50.5,75.3,263.346,1.26,93,56,23.4,92,93,1.07,1319,23.56,7.5,7.4,6.6,0,1,60.2
Mauritius,Southern Africa,2004,13.5,15.8,163.0965,4.1,98,80,24.7,98,98,1.11,6243,1.22,7.8,7.7,7.0,0,1,72.3
Comoros,East Africa,2013,57.2,76.9,232.3135,0.23,88,64,24.1,85,87,0.01,1261,0.74,6.8,6.6,4.7,0,1,62.9
Burkina Faso,West Africa,2012,64.4,112.5,271.8335,5.57,90,34,21.9,90,90,0.25,623,16.57,8.6,8.1,1.4,0,1,58.4
Mauritius,Southern Africa,2005,13.4,15.6,161.214,3.83,97,78,24.8,97,97,1.08,6316,1.23,7.7,7.6,7.2,0,1,72.4
Sierra Leone,West Africa,2002,132.9,213.9,507.937,3.9,71,60,22.2,54,53,1.53,441,4.97,9.9,1.0,2.5,0,1,41.4
Benin,West Africa,2012,67.0,104.4,251.1665,1.41,80,83,23.2,80,80,0.41,1009,9.73,7.4,7.3,3.0,0,1,59.8
Somalia,East Africa,2004,104.4,172.7,343.935,0.0,42,64,22.4,30,30,0.13,213,10.13,7.6,7.4,2.1,0,1,52.0
Ghana,West Africa,2012,43.4,62.7,255.0,1.72,92,52,23.7,91,92,0.88,1686,26.0,6.7,6.6,6.8,0,1,61.7
"Gambia, The",West Africa,2011,44.5,70.6,272.4825,2.7,96,64,23.5,95,96,1.11,671,1.85,8.0,7.9,2.9,0,1,59.9
Libya,North Africa,2010,14.2,16.6,135.3795,0.0,98,97,27.6,98,98,0.09,13539,6.2,5.6,5.4,7.3,0,1,72.0
Mali,West Africa,2011,74.6,125.6,283.9665,0.62,66,64,22.6,72,66,0.46,732,15.51,8.5,8.3,2.0,0,1,55.7
Ethiopia,East Africa,2006,66.1,102.8,322.4755,0.29,52,64,20.2,59,46,0.58,335,78.49,11.4,11.1,2.0,0,1,57.3
Mozambique,Southern Africa,2005,86.9,132.0,419.3965,0.6,75,64,22.0,71,80,3.5,384,20.49,3.9,3.8,2.9,0,1,50.4
Guinea,West Africa,2009,75.9,120.3,295.2,0.19,57,64,22.5,60,57,0.98,673,9.96,8.4,8.4,1.6,0,1,56.3
Tunisia,North Africa,2013,15.0,17.5,94.3265,1.4,98,98,26.1,98,98,0.04,4016,10.95,6.4,6.3,6.8,0,1,75.6
Guinea,West Africa,2014,69.5,109.2,269.2475,0.32,51,64,22.8,42,51,0.75,760,11.15,7.5,7.4,2.6,0,1,59.0
Eswatini,Southern Africa,2010,54.7,85.5,507.805,6.49,89,99,26.4,89,89,16.96,3304,1.06,5.4,5.6,5.7,0,1,46.6
Ghana,West Africa,2006,53.5,80.6,272.4865,0.65,84,55,23.3,84,84,1.24,1220,22.38,7.9,7.9,6.5,0,1,59.2
Angola,Southern Africa,2000,121.5,204.4,371.4315,1.47,67,64,21.7,21,28,1.24,1832,16.4,1.9,1.9,4.4,0,1,46.5
"Congo, Rep.",Central Africa,2007,49.8,74.0,343.5545,1.3,64,64,22.6,71,72,2.06,2047,3.88,8.5,8.2,5.9,0,1,57.5
Liberia,West Africa,2015,64.4,88.3,241.0125,3.18,52,64,24.0,65,52,3.5,722,4.47,6.5,6.4,4.4,0,1,62.3
Angola,Southern Africa,2011,71.5,112.5,261.2865,7.66,72,64,22.9,50,71,1.25,2988,24.22,8.9,8.8,4.7,0,1,56.3
Cote d'Ivoire,West Africa,2009,76.6,109.9,423.638,0.99,81,64,23.4,77,81,1.45,1616,20.06,6.5,6.4,4.1,0,1,52.3
Eswatini,Southern Africa,2008,61.1,101.9,555.8025,5.64,90,99,26.2,89,88,18.5,3179,1.05,6.1,6.3,5.4,0,1,44.2
Rwanda,East Africa,2015,34.6,47.7,203.574,6.31,98,87,22.0,99,98,0.59,751,11.37,5.7,5.7,4.0,0,1,67.5
Tanzania,East Africa,2004,61.9,99.9,412.161,5.69,95,64,22.4,95,95,3.61,663,37.38,7.8,7.8,4.5,0,1,53.6
Botswana,Southern Africa,2010,39.5,51.4,361.955,5.7,95,83,24.1,96,95,7.85,5642,1.99,8.0,7.8,8.9,0,1,60.2
Somalia,East Africa,2014,85.9,138.4,312.486,0.0,42,64,23.1,47,42,0.13,346,13.42,6.7,6.5,2.1,0,1,55.5
Kenya,East Africa,2001,57.8,94.2,484.2665,1.64,77,28,22.1,77,80,4.36,1157,32.85,9.0,9.0,5.4,0,1,51.1
Niger,West Africa,2011,59.3,114.5,264.2335,0.13,75,64,21.6,40,75,0.08,437,17.11,1.5,1.3,1.5,0,1,58.1
Ethiopia,East Africa,2001,83.8,134.6,386.2285,0.2,52,64,19.9,54,32,1.06,276,68.16,11.8,11.7,1.6,0,1,52.6
Comoros,East Africa,2002,72.0,100.1,269.966,0.13,71,64,23.0,98,89,0.02,1186,0.57,7.7,7.7,3.0,0,1,59.6
Eritrea,East Africa,2004,47.8,70.5,348.2365,0.72,84,88,20.3,98,98,0.43,772,2.72,9.6,9.6,3.7,0,1,57.9
Chad,Central Africa,2007,89.2,159.6,398.4555,0.58,27,64,21.5,38,28,0.84,656,10.82,1.0,1.0,1.7,0,1,49.3
"Egypt, Arab Rep.",North Africa,2006,28.2,34.2,168.835,0.17,98,64,28.3,98,98,0.13,2971,76.87,3.2,3.1,5.8,0,1,69.6
Morocco,North Africa,2008,30.1,35.0,91.2925,0.5,97,71,25.3,99,99,0.05,2402,31.54,6.4,6.3,4.1,0,1,73.5
Burkina Faso,West Africa,2007,75.4,139.5,294.591,5.55,89,31,21.6,93,89,0.46,540,14.25,9.8,9.3,1.3,0,1,54.8
Mauritius,Southern Africa,2008,12.7,14.9,155.438,2.47,99,83,24.9,99,99,1.05,7286,1.24,7.4,7.3,7.8,0,1,72.6
Mauritius,Southern Africa,2015,12.8,14.5,144.3615,2.83,97,96,25.2,98,97,0.7,9260,1.26,6.9,6.8,9.1,0,1,74.4
Comoros,East Africa,2000,72.4,100.6,271.363,0.08,71,64,22.8,70,70,0.02,1190,0.54,7.9,7.9,3.0,0,1,59.5
Mauritius,Southern Africa,2011,12.6,14.6,149.406,3.36,98,89,25.0,98,98,0.97,8124,1.25,7.1,7.1,8.5,0,1,73.3
Libya,North Africa,2000,24.1,28.1,144.2975,0.012,92,86,26.9,94,94,0.05,10747,5.36,5.7,5.5,5.6,0,1,70.9
Cabo Verde,West Africa,2011,21.3,25.2,132.5345,5.09,90,99,24.3,90,90,0.25,3091,0.5,7.3,7.2,5.3,0,1,71.2
Namibia,Southern Africa,2006,37.3,65.4,499.055,1.87,83,64,23.5,74,86,7.81,3875,1.97,12.6,12.6,6.0,0,1,51.6
Kenya,East Africa,2002,55.5,89.8,488.1705,1.67,84,28,22.2,83,84,4.06,1132,33.75,8.9,8.9,5.5,0,1,51.6
Mozambique,Southern Africa,2011,68.8,100.5,375.404,0.89,76,64,22.4,77,76,3.5,502,24.19,3.7,3.6,3.2,0,1,53.0
Chad,Central Africa,2008,87.5,155.7,393.0275,0.64,17,64,21.5,30,19,0.77,654,11.18,9.8,9.7,1.8,0,1,49.8
Equatorial Guinea,Central Africa,2000,107.1,155.7,333.2235,6.7,46,64,22.6,41,34,3.27,4454,0.61,1.7,1.6,5.4,0,1,53.3
Tanzania,East Africa,2007,52.9,83.8,360.726,6.89,83,64,22.6,88,83,2.99,745,40.68,7.5,7.4,4.9,0,1,55.9
Chad,Central Africa,2003,95.3,173.8,410.124,0.46,27,64,21.2,36,23,1.11,465,9.37,1.9,1.8,1.4,0,1,48.1
South Africa,Southern Africa,2000,47.7,71.5,434.1365,7.7,73,62,26.1,71,73,12.36,4930,44.97,16.3,19.1,8.8,0,1,56.0
Senegal,West Africa,2008,46.1,74.3,223.3005,0.36,88,33,22.7,87,88,0.26,1143,12.0,1.8,1.7,2.4,0,1,62.9
Algeria,North Africa,2002,32.4,37.8,131.915,0.36,81,93,24.4,86,86,0.01,3298,31.86,6.3,6.2,6.3,0,1,71.6
Mozambique,Southern Africa,2000,112.4,170.4,436.473,0.65,76,64,21.6,69,70,3.5,295,17.71,4.2,4.1,2.2,0,1,48.9
Central African Republic,Central Africa,2007,103.7,155.6,505.4205,1.69,45,64,22.1,46,48,2.47,479,4.2,9.4,9.4,3.4,0,1,45.6
Central African Republic,Central Africa,2009,100.6,148.9,484.5165,1.66,42,64,22.3,45,42,2.02,514,4.34,9.1,9.1,3.5,0,1,46.7
Malawi,Southern Africa,2009,54.5,89.4,422.591,1.73,93,64,22.4,93,93,4.66,346,14.13,6.9,6.8,4.1,0,1,53.9
Botswana,Southern Africa,2007,39.5,58.6,438.6405,6.87,93,83,24.0,96,96,9.57,5612,1.88,9.2,9.0,8.5,0,1,55.0
Benin,West Africa,2002,81.5,130.5,284.7375,1.34,73,83,22.3,76,75,0.93,940,7.3,9.3,9.2,2.7,0,1,56.0
"Congo, Dem. Rep.",Central Africa,2009,85.8,118.0,287.64,3.45,72,64,21.5,78,72,0.58,390,62.45,1.6,1.4,5.2,0,1,56.4
Cote d'Ivoire,West Africa,2002,91.6,136.7,468.8655,4.56,48,64,22.8,70,64,3.2,1679,17.23,7.7,7.7,3.4,0,1,49.5
Comoros,East Africa,2004,71.0,98.5,264.3325,0.27,77,64,23.2,73,76,0.02,1177,0.6,7.5,7.5,2.8,0,1,59.9
Benin,West Africa,2001,83.3,133.7,285.318,1.39,73,83,22.2,77,76,0.98,926,7.08,9.5,9.4,2.6,0,1,55.7
Lesotho,Southern Africa,2009,73.6,104.2,558.8015,2.92,91,81,24.6,89,91,13.42,948,1.99,7.6,7.4,5.9,0,1,44.1
Gabon,Central Africa,2007,45.2,69.2,305.7035,8.65,75,64,24.5,78,81,2.26,7301,1.47,6.9,6.8,7.2,0,1,59.2
Mali,West Africa,2009,78.8,135.1,287.6995,0.57,71,64,22.5,77,73,0.56,717,14.58,9.0,8.8,1.9,0,1,54.8
Senegal,West Africa,2001,65.2,122.9,250.9235,0.24,87,33,22.2,49,52,0.67,1086,10.04,12.1,12.1,2.3,0,1,58.2
Libya,North Africa,2009,15.1,17.6,133.9065,0.014,98,97,27.5,98,98,0.09,13025,6.13,5.6,5.4,7.1,0,1,72.1
Togo,West Africa,2011,56.7,86.2,291.222,1.12,85,64,23.2,85,85,0.97,501,6.6,7.1,7.0,4.4,0,1,58.1
Cabo Verde,West Africa,2006,23.4,27.9,137.01,4.36,95,96,23.9,97,96,0.3,2569,0.47,8.3,8.3,4.5,0,1,70.6
Burundi,East Africa,2013,50.7,75.5,302.3265,3.98,96,51,21.5,96,96,0.34,325,9.54,7.4,7.4,2.8,0,1,59.1
Burundi,East Africa,2002,88.9,143.8,356.206,6.51,87,57,20.8,74,81,1.23,311,6.7,8.7,8.7,2.0,0,1,50.8
Seychelles,East Africa,2010,12.1,14.1,155.754,5.54,99,98,26.2,99,99,3.5,12336,0.09,5.8,6.2,8.1,0,1,73.2
Kenya,East Africa,2014,36.4,50.6,228.7625,1.45,92,28,23.2,93,92,1.36,1430,46.7,7.8,7.7,6.3,0,1,64.1
Equatorial Guinea,Central Africa,2008,84.5,119.7,334.523,7.71,46,64,23.4,57,42,4.23,16439,0.86,9.3,9.3,5.4,0,1,55.1
Eritrea,East Africa,2009,40.2,57.1,297.051,0.85,92,88,20.5,95,92,0.28,650,3.12,9.0,8.9,3.8,0,1,61.6
Chad,Central Africa,2011,82.3,143.7,376.7435,0.6,33,64,21.7,40,33,0.56,701,12.36,9.2,9.1,2.0,0,1,51.4
Somalia,East Africa,2005,104.4,172.6,340.636,0.0,42,64,22.5,35,35,0.13,225,10.45,7.5,7.3,2.1,0,1,52.3
Rwanda,East Africa,2005,65.5,105.4,340.5175,9.25,95,87,21.3,95,95,2.07,457,8.84,6.8,7.0,2.8,0,1,55.3
"Congo, Rep.",Central Africa,2008,46.9,69.0,331.725,1.3,73,64,22.7,77,79,2.07,2103,4.01,8.4,8.0,6.0,0,1,58.5
Central African Republic,Central Africa,2000,109.9,168.9,531.4845,1.68,45,64,21.5,38,37,4.38,460,3.64,1.5,1.5,2.9,0,1,44.2
Sierra Leone,West Africa,2009,110.6,167.7,432.5825,3.98,84,60,22.6,81,84,1.17,520,6.27,8.5,8.4,3.0,0,1,48.5
Guinea-Bissau,West Africa,2012,66.8,104.2,281.847,3.0,87,64,23.2,87,87,2.03,590,1.6,7.7,7.5,2.8,0,1,55.6
Mauritania,West Africa,2007,65.0,103.7,218.0,0.022,74,64,24.4,75,75,0.28,1510,3.2,9.4,9.1,3.5,0,1,61.8
Angola,Southern Africa,2005,100.9,166.1,318.546,3.49,67,64,22.3,14,38,1.49,2407,19.43,1.0,9.9,4.4,0,1,50.2
Rwanda,East Africa,2014,35.7,49.7,209.3335,6.5,98,87,21.9,98,98,0.66,708,11.08,5.8,5.8,4.0,0,1,66.9
"Congo, Dem. Rep.",Central Africa,2007,90.4,126.7,297.835,2.91,70,64,21.3,72,70,0.68,381,58.45,11.1,1.9,4.8,0,1,55.1
Zimbabwe,Southern Africa,2006,53.4,95.0,653.918,2.35,68,64,23.5,71,70,8.78,1091,12.16,8.6,8.6,6.8,0,1,43.9
Liberia,West Africa,2004,97.2,139.8,319.556,4.25,58,64,23.3,47,31,3.5,540,3.14,8.5,8.5,3.7,0,1,54.4
Burkina Faso,West Africa,2011,66.3,116.9,276.3855,5.32,91,28,21.9,90,91,0.28,603,16.08,8.8,8.4,1.4,0,1,57.8
Liberia,West Africa,2003,104.3,151.3,332.2065,4.23,58,64,23.2,49,35,3.5,536,3.08,8.7,8.7,3.7,0,1,53.6
Gabon,Central Africa,2008,43.9,66.7,295.939,8.31,82,64,24.6,81,82,2.15,6846,1.52,6.8,6.6,7.3,0,1,59.9
Uganda,East Africa,2008,54.5,86.8,384.1585,11.37,71,64,21.8,69,71,3.44,725,30.43,6.2,6.2,5.2,0,1,55.0
Central African Republic,Central Africa,2015,87.9,123.3,411.0745,0.9,47,64,22.8,51,47,1.12,377,4.49,8.2,8.2,4.2,0,1,50.9
Uganda,East Africa,2007,57.9,92.8,398.626,10.77,73,64,21.7,70,73,3.56,688,29.49,6.3,6.3,4.8,0,1,53.9
Senegal,West Africa,2011,40.7,62.1,206.2,0.21,92,33,22.8,89,92,0.16,1133,13.03,1.2,1.1,2.4,0,1,64.9
Lesotho,Southern Africa,2012,70.2,92.7,527.8865,2.47,95,82,24.8,93,95,11.57,1097,2.01,6.4,6.2,5.9,0,1,47.4
Liberia,West Africa,2001,119.7,176.6,330.7235,4.42,58,64,23.1,54,42,3.5,770,2.95,9.0,9.0,3.5,0,1,52.2
Cote d'Ivoire,West Africa,2012,71.0,100.1,413.238,1.2,82,64,23.6,83,82,1.0,1637,21.55,5.9,5.9,4.5,0,1,54.3
Togo,West Africa,2001,73.7,116.4,333.336,0.88,81,64,22.1,51,50,2.66,496,5.06,9.2,9.1,4.0,0,1,53.6
Mali,West Africa,2001,98.8,181.1,323.509,0.6,78,64,21.6,56,49,0.99,641,11.27,1.8,1.7,1.3,0,1,48.8
Mali,West Africa,2004,90.7,162.2,307.8875,0.55,73,64,22.0,70,69,0.81,667,12.37,1.1,1.0,1.6,0,1,51.2
Malawi,Southern Africa,2012,45.6,70.7,325.5425,1.87,96,64,22.6,95,96,3.69,362,15.4,6.6,6.5,4.3,0,1,58.6
Algeria,North Africa,2008,25.3,29.5,108.0665,0.37,91,96,24.9,92,93,0.02,3856,34.73,6.0,5.9,6.7,0,1,74.3
South Africa,Southern Africa,2003,48.4,75.7,494.388,7.32,71,52,26.4,70,69,11.87,5203,46.72,13.5,16.1,8.8,0,1,53.7
South Africa,Southern Africa,2013,30.1,39.3,384.094,7.21,73,50,27.1,79,73,7.97,6285,53.69,5.4,6.5,9.9,0,1,61.1
Libya,North Africa,2003,21.9,25.5,139.5715,0.012,96,90,27.1,95,95,0.06,11265,5.62,5.6,5.4,6.1,0,1,71.5
Uganda,East Africa,2014,40.6,58.8,316.5765,7.25,78,64,22.3,78,78,2.26,834,36.91,5.7,5.6,5.5,0,1,60.7
Cabo Verde,West Africa,2004,24.0,28.6,139.353,4.25,91,96,23.7,94,93,0.38,2287,0.46,8.7,8.7,4.2,0,1,70.2
Liberia,West Africa,2014,66.0,92.1,246.675,3.02,63,64,24.0,62,50,3.5,740,4.36,6.7,6.5,4.4,0,1,61.7
"Egypt, Arab Rep.",North Africa,2015,19.8,23.3,149.529,0.18,93,64,29.5,93,93,0.13,3563,92.44,2.8,2.8,7.1,0,1,71.3
Zambia,Southern Africa,2000,90.2,155.9,603.461,2.82,81,39,21.5,85,85,9.75,774,10.42,7.5,7.5,5.9,0,1,44.0
Zambia,Southern Africa,2004,67.1,115.2,545.294,2.75,81,39,21.8,84,83,8.23,879,11.55,7.2,7.1,6.2,0,1,47.4
Mauritius,Southern Africa,2009,12.5,14.6,153.4275,2.8,99,85,24.9,99,99,1.04,7508,1.25,7.3,7.3,8.0,0,1,72.9
Cote d'Ivoire,West Africa,2010,74.7,106.3,420.1715,1.12,85,64,23.5,81,85,1.24,1687,20.53,6.3,6.2,4.2,0,1,53.0
Lesotho,Southern Africa,2005,74.0,116.1,604.613,1.94,87,68,24.3,88,89,16.19,836,2.0,9.3,9.2,5.3,0,1,42.7
Ghana,West Africa,2003,58.0,88.5,293.6475,1.91,80,55,22.9,80,80,1.48,1105,20.75,8.6,8.5,6.3,0,1,57.8
Ethiopia,East Africa,2013,47.3,69.6,234.3685,0.57,72,64,20.5,70,72,0.25,556,95.39,1.6,1.4,2.5,0,1,64.0
Tunisia,North Africa,2006,17.9,21.0,103.28,1.32,99,98,25.6,99,99,0.03,3494,10.2,6.3,6.3,5.9,0,1,74.4
Liberia,West Africa,2005,90.7,129.6,306.9055,4.2,58,64,23.4,66,60,3.5,554,3.22,8.3,8.3,3.8,0,1,55.4
Nigeria,West Africa,2006,92.3,150.1,392.374,11.18,27,64,22.8,46,40,0.95,2013,142.54,12.6,12.6,5.2,0,1,48.8
Namibia,Southern Africa,2012,37.9,50.5,354.013,2.37,84,64,23.9,84,84,5.38,4421,2.19,9.5,9.4,6.4,0,1,59.4
Cameroon,Central Africa,2002,83.7,137.5,410.158,4.54,81,64,23.3,66,66,3.58,1144,16.36,7.4,7.5,5.1,0,1,51.5
Guinea,West Africa,2003,89.5,144.9,333.165,0.18,57,64,22.0,61,57,1.22,653,8.75,9.7,9.7,1.5,0,1,51.9
Seychelles,East Africa,2014,12.6,14.7,152.1215,8.44,99,98,26.6,99,99,3.5,14672,0.09,5.7,6.0,9.4,0,1,73.2
Comoros,East Africa,2011,60.5,82.0,239.043,0.11,83,64,23.9,85,83,0.02,1228,0.71,7.0,6.8,4.4,0,1,62.2
Equatorial Guinea,Central Africa,2014,69.9,96.8,327.5505,8.64,53,64,23.9,55,20,4.04,12927,1.12,8.5,8.4,5.5,0,1,57.0
"Gambia, The",West Africa,2012,43.2,67.7,270.0,2.74,98,64,23.6,98,98,1.08,685,1.91,7.8,7.7,3.1,0,1,60.2
"Egypt, Arab Rep.",North Africa,2014,20.5,24.3,151.4815,0.19,94,64,29.3,94,94,0.13,3490,90.42,2.8,2.8,7.0,0,1,71.1
Libya,North Africa,2015,11.4,13.3,134.7895,0.01,97,97,28.0,97,97,0.08,7590,6.42,5.8,5.5,7.3,0,1,72.1
"Congo, Rep.",Central Africa,2006,53.1,79.8,359.3415,1.3,71,64,22.5,73,73,2.15,2269,3.75,8.7,8.3,5.9,0,1,56.6
Niger,West Africa,2010,61.9,121.9,267.262,0.11,70,64,21.5,75,70,0.08,443,16.46,1.7,1.6,1.4,0,1,57.3
Ghana,West Africa,2004,56.4,85.6,286.594,0.55,80,55,23.1,81,80,1.39,1139,21.27,8.4,8.3,6.4,0,1,58.2
Libya,North Africa,2006,18.6,21.7,133.113,0.011,98,96,27.3,98,98,0.08,13386,5.89,5.5,5.4,6.6,0,1,72.1
Malawi,Southern Africa,2006,61.6,104.2,508.1255,1.94,99,64,22.2,99,99,5.99,295,12.97,7.3,7.1,3.6,0,1,49.1
Burundi,East Africa,2011,56.3,85.5,313.1795,4.56,96,57,21.4,95,96,0.45,316,8.96,7.6,7.6,2.6,0,1,57.9
Niger,West Africa,2006,74.8,159.3,278.9915,0.1,72,64,21.3,52,51,0.22,420,14.14,11.6,11.5,1.3,0,1,54.2
Mauritania,West Africa,2008,63.8,101.1,216.0,0.018,74,64,24.4,73,74,0.24,1462,3.3,9.2,8.9,3.6,0,1,62.0
South Africa,Southern Africa,2008,43.0,68.9,498.352,7.46,76,54,26.8,77,79,10.58,6171,49.78,8.9,1.7,9.7,0,1,55.4
Gabon,Central Africa,2013,37.9,54.9,250.7575,7.57,79,64,25.0,77,79,1.37,7305,1.82,6.2,6.1,8.1,0,1,63.6
Namibia,Southern Africa,2000,45.0,75.8,446.0665,2.65,83,64,22.9,80,79,11.85,3125,1.79,15.7,15.9,5.6,0,1,52.2
Niger,West Africa,2013,55.0,102.7,257.1655,0.09,67,64,21.7,62,67,0.07,470,18.5,1.0,9.9,1.7,0,1,59.5
Sierra Leone,West Africa,2007,117.6,182.0,447.5425,3.67,63,60,22.5,63,64,1.32,501,5.99,8.9,8.9,2.8,0,1,46.5
Tanzania,East Africa,2006,55.8,88.8,377.871,6.09,90,64,22.5,91,90,3.27,717,39.55,7.6,7.5,4.8,0,1,55.1
Tunisia,North Africa,2011,15.5,18.0,97.086,1.25,98,96,25.9,98,98,0.04,3836,10.74,6.4,6.3,6.9,0,1,75.2
Ethiopia,East Africa,2002,80.3,128.3,385.253,0.16,52,64,20.0,55,35,0.95,272,70.14,11.7,11.6,1.7,0,1,53.3
Malawi,Southern Africa,2003,76.8,131.6,570.632,1.22,84,64,22.0,85,84,7.52,279,12.0,7.6,7.5,3.3,0,1,46.1
Uganda,East Africa,2002,79.2,131.6,507.0355,11.64,57,64,21.3,57,57,4.31,555,25.17,6.8,6.8,4.2,0,1,48.3
Cabo Verde,West Africa,2015,16.7,19.5,125.149,4.54,96,95,24.5,93,93,0.26,3043,0.52,6.6,6.6,5.9,0,1,72.1
Morocco,North Africa,2013,22.6,26.3,73.374,0.46,99,75,25.7,99,99,0.04,2755,33.72,6.4,6.2,4.8,0,1,75.2
Somalia,East Africa,2011,93.8,152.8,323.489,0.0,42,64,22.9,49,41,0.13,313,12.38,6.9,6.7,2.1,0,1,54.3
Botswana,Southern Africa,2008,40.3,57.6,413.0785,7.52,94,83,24.1,96,96,9.09,5838,1.92,8.8,8.6,8.6,0,1,56.7
Nigeria,West Africa,2007,89.8,145.6,387.5675,11.04,42,64,22.8,54,42,0.88,2090,146.34,12.3,12.3,5.2,0,1,49.4
Guinea-Bissau,West Africa,2004,92.6,150.7,300.923,3.56,83,64,22.5,69,64,3.12,552,1.31,9.4,9.3,2.3,0,1,51.9
Gabon,Central Africa,2009,42.9,64.2,286.1745,8.12,79,64,24.6,74,76,2.03,6635,1.57,6.7,6.5,7.4,0,1,60.6
Niger,West Africa,2002,90.1,204.5,289.5665,0.088,72,64,20.9,43,39,0.38,418,12.19,12.5,12.5,1.2,0,1,51.3
Eswatini,Southern Africa,2012,50.6,66.0,459.807,6.49,95,52,26.5,92,95,15.74,3513,1.08,4.8,4.9,6.1,0,1,49.9
Equatorial Guinea,Central Africa,2010,79.1,111.2,329.7845,8.96,46,64,23.5,61,44,4.42,13841,0.94,9.0,9.0,5.5,0,1,55.6
Guinea,West Africa,2004,86.5,139.5,325.874,0.34,57,64,22.1,65,60,1.16,655,8.93,9.5,9.5,1.6,0,1,52.5
Rwanda,East Africa,2008,50.2,76.3,272.418,7.51,97,87,21.5,97,97,1.22,554,9.52,6.7,6.6,3.2,0,1,60.6
Mozambique,Southern Africa,2003,95.3,145.0,436.671,0.6,76,64,21.8,67,85,3.5,353,19.33,4.0,3.9,2.6,0,1,49.9
Senegal,West Africa,2012,39.2,58.7,200.5,0.19,91,33,22.8,83,91,0.14,1146,13.4,1.0,9.9,2.6,0,1,65.4
Togo,West Africa,2015,50.8,75.9,271.709,1.36,88,64,23.5,82,88,0.72,571,7.32,6.5,6.2,4.7,0,1,59.9
Libya,North Africa,2001,23.4,27.3,143.011,0.002,93,81,26.9,94,94,0.05,10392,5.44,5.6,5.5,5.8,0,1,71.0
Madagascar,Southern Africa,2013,43.4,62.7,227.7835,0.85,74,64,21.2,72,74,0.2,463,22.96,7.3,7.2,6.1,0,1,64.7
Cabo Verde,West Africa,2007,23.3,27.8,135.8385,5.4,96,95,24.0,98,98,0.27,2922,0.48,8.1,8.0,4.6,0,1,70.7
Algeria,North Africa,2001,33.3,38.9,136.2,0.23,81,73,24.4,89,89,0.01,3163,31.45,6.4,6.3,6.1,0,1,71.1
Seychelles,East Africa,2007,11.9,13.8,159.664,7.25,99,99,26.0,99,99,3.5,12702,0.09,5.9,6.3,7.9,0,1,73.1
Tunisia,North Africa,2000,25.0,29.9,111.903,1.2,94,98,25.1,97,97,0.01,2881,9.71,6.6,6.5,4.9,0,1,73.2
"Congo, Rep.",Central Africa,2011,41.7,59.7,296.2345,1.9,70,64,22.9,69,82,1.99,2408,4.39,8.0,7.6,6.2,0,1,60.8
Guinea,West Africa,2013,70.5,110.7,275.624,0.25,63,64,22.8,49,63,0.71,750,10.89,7.7,7.6,2.6,0,1,58.4
Guinea-Bissau,West Africa,2014,62.1,95.7,274.1415,3.07,87,64,23.3,84,87,1.59,584,1.69,7.3,7.1,2.9,0,1,56.6
Burundi,East Africa,2009,62.9,97.1,326.7455,4.49,94,57,21.3,96,94,0.59,308,8.4,7.8,7.8,2.6,0,1,56.5
Namibia,Southern Africa,2005,39.4,70.6,497.9455,1.97,83,64,23.4,86,86,8.45,3681,1.94,13.1,13.1,6.0,0,1,50.9
Somalia,East Africa,2007,103.0,170.1,334.038,0.0003,42,64,22.6,40,40,0.13,250,11.08,7.3,7.1,2.1,0,1,53.0
"Congo, Dem. Rep.",Central Africa,2011,81.3,109.9,277.445,4.19,74,64,21.6,77,74,0.49,418,66.76,1.2,1.0,5.6,0,1,57.4
Ethiopia,East Africa,2008,59.8,91.6,293.293,0.32,52,64,20.2,63,54,0.44,391,82.92,11.2,1.9,2.2,0,1,59.6
Senegal,West Africa,2007,48.2,79.4,229.0005,0.34,94,33,22.6,93,94,0.36,1132,11.69,11.0,1.9,2.4,0,1,62.1
Comoros,East Africa,2008,65.3,89.5,251.6725,0.12,81,64,23.6,81,81,0.02,1183,0.66,7.2,7.1,3.7,0,1,61.1
Zimbabwe,Southern Africa,2002,50.7,92.6,719.3605,2.39,73,64,23.3,73,71,11.04,1559,11.95,1.2,1.3,6.9,0,1,43.5
Mali,West Africa,2007,83.3,145.4,291.4325,0.56,74,64,22.3,76,74,0.65,697,13.65,9.4,9.3,1.8,0,1,53.6
Eswatini,Southern Africa,2011,51.5,73.4,483.806,6.89,91,92,26.4,85,91,15.78,3356,1.07,5.1,5.2,5.9,0,1,48.1
Ghana,West Africa,2001,62.1,95.7,300.102,1.85,80,55,22.7,81,79,1.66,1056,19.76,9.0,9.0,6.2,0,1,57.2
South Africa,Southern Africa,2002,47.9,74.3,487.278,7.47,72,46,26.3,70,70,12.12,5116,46.15,14.5,17.1,8.5,0,1,54.3
Mozambique,Southern Africa,2009,72.7,107.3,388.763,0.69,74,64,22.3,74,74,3.5,463,22.89,3.7,3.6,3.1,0,1,51.7
Equatorial Guinea,Central Africa,2002,101.7,147.1,331.213,7.12,46,64,22.8,45,36,3.61,8004,0.66,1.4,1.3,5.4,0,1,53.8
Tunisia,North Africa,2008,16.6,19.4,100.8905,1.28,99,99,25.7,99,99,0.04,3806,10.41,6.3,6.3,6.3,0,1,74.7
Zambia,Southern Africa,2009,52.9,83.6,412.802,3.05,94,39,22.1,93,94,5.93,1134,13.22,6.7,6.6,6.5,0,1,54.1
"Egypt, Arab Rep.",North Africa,2002,33.5,41.5,173.8735,0.14,97,64,27.9,97,97,0.13,2665,71.49,3.4,3.4,5.1,0,1,69.0
Botswana,Southern Africa,2009,40.1,55.3,387.5165,5.36,94,83,24.1,96,96,8.27,5287,1.95,8.4,8.2,8.8,0,1,58.4
Cabo Verde,West Africa,2013,19.2,22.5,129.522,3.73,94,89,24.4,93,93,0.26,3070,0.51,6.9,6.9,5.6,0,1,71.7
Angola,Southern Africa,2008,85.5,137.7,288.09,5.19,69,64,22.6,36,69,1.41,3048,21.7,9.5,9.4,4.6,0,1,53.2
Chad,Central Africa,2010,84.1,147.7,382.1715,0.55,39,64,21.6,43,39,0.64,724,11.95,9.4,9.3,1.9,0,1,50.9
Nigeria,West Africa,2000,109.8,182.9,406.369,11.47,29,64,22.3,31,29,1.39,1451,122.28,14.3,14.4,5.2,0,1,46.3
Mauritania,West Africa,2012,58.8,90.5,208.0,0.0,80,64,24.7,80,80,0.17,1454,3.71,8.3,8.1,4.0,0,1,63.1
Burkina Faso,West Africa,2002,87.6,170.4,322.705,5.48,86,31,21.1,69,69,0.76,462,12.29,11.0,1.6,1.3,0,1,51.4
"Congo, Rep.",Central Africa,2010,43.0,62.0,308.065,1.75,74,64,22.8,72,74,2.02,2423,4.27,8.1,7.7,6.1,0,1,60.1
Guinea,West Africa,2002,92.7,150.9,340.4565,0.21,57,64,21.9,56,53,1.28,657,8.59,9.9,9.9,1.5,0,1,51.5
Niger,West Africa,2005,78.5,170.2,281.6355,0.096,72,64,21.2,46,45,0.24,411,13.62,11.9,11.8,1.3,0,1,53.4
Benin,West Africa,2011,68.3,106.7,253.2105,1.47,75,83,23.2,77,75,0.46,990,9.46,7.6,7.5,2.8,0,1,59.6
Cote d'Ivoire,West Africa,2015,65.7,90.8,396.458,1.54,83,64,23.7,81,83,0.63,1973,23.23,5.5,5.5,5.0,0,1,56.1
Burundi,East Africa,2004,82.3,131.9,349.848,6.24,83,57,20.9,76,83,0.95,303,7.13,8.4,8.4,2.2,0,1,52.5
Angola,Southern Africa,2004,105.7,175.1,329.306,2.41,67,64,22.2,18,40,1.45,2168,18.76,1.2,1.1,4.4,0,1,49.3
Benin,West Africa,2010,69.6,109.0,255.2535,1.35,76,83,23.1,77,76,0.5,989,9.2,7.8,7.6,2.8,0,1,59.3
Cote d'Ivoire,West Africa,2005,85.2,125.6,445.889,0.85,76,64,23.1,87,76,2.33,1565,18.35,7.2,7.1,3.7,0,1,50.1
Angola,Southern Africa,2010,75.9,120.4,270.221,7.58,77,64,22.8,56,77,1.33,2994,23.36,9.1,9.0,4.7,0,1,55.4
Tunisia,North Africa,2007,17.2,20.2,102.159,1.17,98,98,25.7,98,98,0.04,3691,10.3,6.3,6.3,6.1,0,1,74.6
Algeria,North Africa,2000,33.9,39.7,140.486,0.25,81,78,24.3,86,86,0.01,3111,31.04,6.5,6.4,5.9,0,1,70.6
Rwanda,East Africa,2010,44.0,63.8,246.635,7.13,97,87,21.7,93,97,1.04,599,10.04,6.5,6.3,3.8,0,1,63.4
Madagascar,Southern Africa,2014,42.3,60.8,223.12,0.87,73,64,21.2,71,73,0.22,465,23.59,7.2,7.1,6.1,0,1,65.1
Comoros,East Africa,2010,62.2,84.6,243.253,0.13,74,64,23.8,82,74,0.02,1208,0.69,7.1,6.9,4.2,0,1,61.9
Kenya,East Africa,2000,59.9,98.5,480.3625,1.51,77,28,22.0,80,82,4.78,1146,31.96,9.2,9.1,5.3,0,1,50.9
Burkina Faso,West Africa,2015,59.6,100.9,257.958,7.03,91,50,22.1,91,91,0.16,653,18.11,8.0,7.5,1.4,0,1,59.9
Liberia,West Africa,2007,80.8,114.0,281.605,4.05,58,64,23.6,67,65,3.5,609,3.46,7.9,7.8,3.9,0,1,57.4
Tanzania,East Africa,2000,78.9,129.7,449.9005,5.96,92,64,22.1,64,79,4.43,568,33.5,8.3,8.3,4.2,0,1,50.8
Morocco,North Africa,2003,39.0,45.9,131.523,0.48,90,92,24.9,91,91,0.06,1995,29.78,6.6,6.4,3.7,0,1,70.4
Mozambique,Southern Africa,2008,75.6,112.9,395.4425,0.74,75,64,22.2,74,75,3.5,448,22.28,3.7,3.7,3.1,0,1,51.3
Chad,Central Africa,2001,98.2,180.5,410.016,0.34,27,64,21.0,26,26,1.27,403,8.68,11.3,11.2,1.4,0,1,47.8
Tunisia,North Africa,2012,15.2,17.7,95.818,1.35,97,96,26.0,97,97,0.04,3959,10.85,6.4,6.3,6.8,0,1,75.4
Seychelles,East Africa,2000,11.8,13.8,181.553,8.33,98,99,25.4,98,98,3.5,11178,0.08,6.3,6.7,7.4,0,1,72.8
Mali,West Africa,2015,66.8,108.3,267.5905,0.62,64,64,22.9,67,64,0.39,751,17.44,7.7,7.5,2.3,0,1,57.5
Djibouti,East Africa,2014,56.2,68.0,253.97,0.32,78,82,24.0,78,78,0.25,2509,0.9,5.6,5.4,4.1,0,1,63.2
Rwanda,East Africa,2003,81.4,133.5,395.725,8.65,96,87,21.2,96,96,2.5,401,8.56,7.0,7.3,2.6,0,1,52.2
"Congo, Dem. Rep.",Central Africa,2014,75.0,99.2,264.131,4.52,80,64,21.9,79,80,0.37,481,73.77,9.7,9.5,6.2,0,1,58.8
Zambia,Southern Africa,2007,56.7,93.2,472.6675,3.17,80,39,22.0,77,80,6.89,1018,12.5,6.9,6.8,6.4,0,1,51.1
Senegal,West Africa,2004,56.1,99.1,242.16,0.36,89,33,22.4,87,87,0.55,1115,10.81,11.6,11.5,2.4,0,1,59.9
Gabon,Central Africa,2000,53.3,82.9,315.436,8.89,70,64,23.7,44,45,3.95,7888,1.23,8.0,7.8,6.2,0,1,58.3
Burundi,East Africa,2003,85.7,138.1,353.027,6.37,87,57,20.8,75,82,1.09,298,6.91,8.5,8.5,2.1,0,1,51.7
Mali,West Africa,2006,85.7,150.8,296.9175,0.55,90,64,22.2,79,78,0.72,697,13.2,9.7,9.5,1.7,0,1,52.8
Lesotho,Southern Africa,2003,72.2,112.7,629.815,1.97,79,47,24.2,90,90,16.46,785,2.02,1.2,1.1,5.1,0,1,43.8
Morocco,North Africa,2012,23.9,27.8,74.6045,0.46,99,75,25.6,99,99,0.04,2673,33.24,6.3,6.2,4.6,0,1,75.0
Namibia,Southern Africa,2008,37.5,55.1,470.9335,1.01,83,64,23.6,83,83,6.4,4044,2.04,11.5,11.4,6.1,0,1,53.8
Cote d'Ivoire,West Africa,2014,67.3,93.6,402.0515,1.35,76,64,23.7,76,76,0.73,1887,22.65,5.6,5.6,4.4,0,1,55.5
Burkina Faso,West Africa,2003,85.5,165.3,317.0825,5.57,86,31,21.2,83,79,0.67,484,12.65,1.7,1.3,1.3,0,1,52.0
Ethiopia,East Africa,2015,43.2,62.4,224.423,0.76,77,64,20.5,75,77,0.19,641,100.84,1.4,1.2,2.6,0,1,65.0
Burkina Faso,West Africa,2008,72.7,132.9,290.0395,5.47,93,30,21.7,92,93,0.4,554,14.69,9.5,9.1,1.3,0,1,55.6
"Gambia, The",West Africa,2013,42.0,65.0,267.2355,2.65,97,64,23.7,96,97,1.05,684,1.96,7.6,7.5,3.2,0,1,60.4
Uganda,East Africa,2010,49.5,76.3,355.2225,8.55,80,64,22.0,79,80,3.12,768,32.43,6.0,6.0,5.7,0,1,57.1
Morocco,North Africa,2005,35.5,41.5,113.494,0.46,96,92,25.0,98,98,0.05,2109,30.46,6.5,6.3,3.9,0,1,71.7
Zimbabwe,Southern Africa,2005,51.7,93.1,670.279,2.17,65,64,23.5,69,68,9.2,1137,12.08,9.0,9.0,6.8,0,1,43.2
Ethiopia,East Africa,2000,87.2,140.7,387.2035,0.19,52,64,19.8,55,30,1.2,262,66.22,11.9,11.8,1.5,0,1,51.9
Sierra Leone,West Africa,2011,103.8,153.8,417.623,3.41,89,60,22.6,88,89,1.02,557,6.56,8.1,8.0,3.1,0,1,50.2
South Africa,Southern Africa,2015,28.6,36.3,351.3925,7.2,75,59,27.2,85,75,6.91,6260,55.39,4.4,5.3,10.1,0,1,62.6
Tunisia,North Africa,2015,14.8,17.2,91.343,1.5,98,98,26.3,98,98,0.04,4095,11.18,6.5,6.4,7.0,0,1,75.9
Uganda,East Africa,2004,70.0,115.1,463.672,11.06,62,64,21.5,58,62,3.98,593,26.82,6.6,6.6,4.4,0,1,50.6
Sierra Leone,West Africa,2004,127.2,202.0,483.779,3.81,70,60,22.3,69,65,1.41,469,5.43,9.5,9.5,2.6,0,1,43.5
Equatorial Guinea,Central Africa,2005,93.2,133.5,334.6205,7.82,46,64,23.1,51,39,4.01,12908,0.75,9.8,9.8,5.4,0,1,54.4
Benin,West Africa,2006,75.0,118.8,266.0545,1.29,74,83,22.7,76,74,0.75,953,8.22,8.5,8.4,2.8,0,1,57.8
Somalia,East Africa,2002,104.4,172.7,350.5325,0.0,42,64,22.2,40,40,0.13,192,9.5,7.8,7.6,2.1,0,1,51.5
Algeria,North Africa,2010,23.6,27.4,104.1335,0.35,95,95,25.1,95,95,0.02,3918,35.98,5.9,5.8,7.1,0,1,74.9
Madagascar,Southern Africa,2007,52.0,77.9,258.5945,0.64,84,64,20.9,83,84,0.09,495,19.43,7.9,7.8,5.8,0,1,62.1
Zimbabwe,Southern Africa,2007,54.6,95.7,637.558,2.26,72,64,23.5,73,73,8.29,1042,12.26,8.2,8.2,7.0,0,1,44.9
Mauritania,West Africa,2009,62.5,98.4,214.0,0.004,64,64,24.5,63,64,0.21,1422,3.39,8.9,8.7,3.7,0,1,62.3
Chad,Central Africa,2013,78.9,135.9,368.599,0.65,39,64,21.8,46,39,0.48,754,13.22,8.8,8.7,2.1,0,1,52.4
Tunisia,North Africa,2004,19.7,23.2,105.5215,1.22,96,99,25.4,97,97,0.02,3265,10.02,6.4,6.3,5.6,0,1,74.0
Zimbabwe,Southern Africa,2010,52.1,86.4,509.088,3.38,90,64,23.6,89,89,6.73,1110,12.7,7.1,7.0,7.3,0,1,50.6
Sierra Leone,West Africa,2003,130.2,208.1,495.8585,3.87,72,60,22.2,66,73,1.49,460,5.2,9.7,9.8,2.5,0,1,42.4
Togo,West Africa,2010,58.3,89.0,300.397,1.26,83,64,23.1,83,83,1.19,483,6.42,7.3,7.2,4.3,0,1,57.5
Liberia,West Africa,2011,69.9,96.7,262.7215,3.73,77,64,23.9,77,77,3.5,680,4.02,7.2,7.0,4.2,0,1,60.1
"Congo, Dem. Rep.",Central Africa,2010,83.5,113.8,282.542,4.02,60,64,21.6,76,60,0.53,404,64.56,1.4,1.2,5.4,0,1,56.9
Mauritius,Southern Africa,2006,13.2,15.5,159.331,3.72,97,85,24.8,98,97,1.05,6593,1.23,7.6,7.5,7.4,0,1,72.4
"Egypt, Arab Rep.",North Africa,2013,21.3,25.3,153.433,0.19,97,64,29.2,97,97,0.13,3468,88.4,2.9,2.8,6.9,0,1,70.9
Botswana,Southern Africa,2003,43.1,76.1,558.1195,5.63,90,83,23.8,96,96,14.94,4817,1.73,1.9,1.8,8.0,0,1,50.5
Tunisia,North Africa,2005,18.8,22.0,104.4005,1.25,97,99,25.5,98,98,0.03,3351,10.11,6.4,6.3,5.8,0,1,74.2
Angola,Southern Africa,2009,80.6,128.7,279.156,6.12,61,64,22.7,36,60,1.39,2962,22.51,9.3,9.2,4.7,0,1,54.3
Tunisia,North Africa,2003,20.8,24.6,106.6425,1.19,92,99,25.4,95,95,0.02,3097,9.95,6.4,6.3,5.4,0,1,73.8
Guinea-Bissau,West Africa,2002,99.1,162.8,304.0195,2.6,83,64,22.3,60,57,3.25,560,1.25,9.8,9.7,2.3,0,1,51.1
Gabon,Central Africa,2010,41.6,61.7,276.4095,8.36,67,64,24.7,68,67,1.9,6864,1.62,6.5,6.4,7.6,0,1,61.4
Djibouti,East Africa,2007,67.6,83.6,292.992,0.45,88,82,23.8,88,88,0.55,1053,0.81,5.8,5.7,3.9,0,1,58.7
Djibouti,East Africa,2015,54.6,65.8,251.749,0.32,84,82,24.0,84,84,0.22,2653,0.91,5.6,5.4,4.1,0,1,64.1
Central African Republic,Central Africa,2010,99.0,145.0,474.065,1.96,45,64,22.4,46,45,1.9,532,4.39,9.0,8.9,3.6,0,1,47.3
Seychelles,East Africa,2004,11.8,13.7,169.304,6.56,99,99,25.8,99,99,3.5,9944,0.08,6.0,6.4,7.7,0,1,72.7
Burkina Faso,West Africa,2006,78.1,146.3,300.214,5.67,76,31,21.5,94,86,0.53,534,13.83,1.0,9.6,1.3,0,1,54.1
Mozambique,Southern Africa,2004,90.8,138.2,428.034,0.59,76,64,21.9,69,83,3.5,370,19.91,3.9,3.8,2.8,0,1,50.1
Nigeria,West Africa,2012,81.9,131.1,368.587,4.73,42,64,23.1,42,42,0.7,2501,167.23,1.7,1.6,5.7,0,1,51.8
Niger,West Africa,2000,97.0,224.9,291.824,0.092,72,64,20.8,41,34,0.49,399,11.33,12.8,12.9,1.1,0,1,49.9
